24838;adosfrancos-w;A-dos-Francos W;148;Portugal;club
652;aab-aalborg;AaB Aalborg;53;Denmark;club
12982;aalborg-freja;Aalborg Freja;53;Denmark;club
23284;aalborg-w;Aalborg W;53;Denmark;club
921;aalen;Aalen;74;Germany;club
971;aalesund;Aalesund;139;Norway;club
15641;aalesund2;Aalesund-2;139;Norway;club
23334;aalesund-u19;Aalesund U-19;139;Norway;club
544;aalst;Aalst;20;Belgium;club
589;aarau;Aarau;178;Switzerland;club
16073;aarslev;Aarslev;53;Denmark;club
3025;aarhus-fremad;Aarhus Fremad;53;Denmark;club
23882;aarhus-fremad2;Aarhus Fremad-2;53;Denmark;club
14847;ab-argir;AB Argir;66;Faroe Islands;club
655;ab-copenhagen;AB Copenhagen;53;Denmark;club
21778;ab-tarnby;AB Tarnby;53;Denmark;club
22922;abahani;Abahani;17;Bangladesh;club
15569;abahani-chittagong;Abahani Chittagong;17;Bangladesh;club
6579;abc-natal;ABC Natal;28;Brasil;club
185;aberdeen;Aberdeen;159;Scotland;club
24048;abengourou;Abengourou;48;Cote dIvoire;club
17288;aberdeen-u20;Aberdeen U-20;159;Scotland;club
6806;abha;Abha;158;Saudi Arabia;club
17563;abergavenny-town;Abergavenny Town;202;Wales;club
20113;aarau-w;Aarau W;178;Switzerland;club
18692;abia-warriors;Abia Warriors;137;Nigeria;club
18690;abs;ABS;137;Nigeria;club
21726;abtswind;Abtswind;74;Germany;club
19067;abuja-u19;Abuja U-19;0;;club
17115;aby-if;Aby IF;177;Sweden;club
1888;aberystwyth;Aberystwyth;202;Wales;club
13576;ac-leopards;AC Leopards;0;;club
2298;ac-oulu-2;AC Oulu;68;Finland;club
21710;ac-pandev;Ac. Pandev;0;;club
18783;acacia-ridge;Acacia Ridge;12;Australia;club
15766;academia-pc;Academia P-C;199;Venezuela;club
18843;academia-cantolao;Academia Cantolao;146;Peru;club
16268;academica-clinceni;Academica Clinceni;151;Romania;club
6577;academica-k;Academica K;124;Moldova;club
15145;aab-aalborg2;AaB Aalborg-2;53;Denmark;club
14778;academica-lobito;Academica Lobito;6;Angola;club
23965;academica-u23;Academica U-23;148;Portugal;club
16391;aabyhoj-if;Aabyhoj IF;53;Denmark;club
12508;academica-vitoria;Academica Vitoria;28;Brasil;club
13615;academico-viseu;Academico Viseu;148;Portugal;club
17375;academy-pandev;Academy Pandev;65;Rep. of Macedonia;club
17259;acd-campodarsego;ACD Campodarsego;94;Italy;club
1706;accrington-stanley;Accrington Stanley;60;England;club
21963;acero;Acero;169;Spain;club
20386;aceuchal;Aceuchal;169;Spain;club
13829;acharnaikos;Acharnaikos;76;Greece;club
17457;achilles-29-w;Achilles 29 W;132;Netherlands;club
15993;achilles-u23;Achilles U-23;132;Netherlands;club
1122;academica;Academica;148;Portugal;club
17357;achilles-veen;Achilles Veen;132;Netherlands;club
14760;achir;Achir;3;Algeria;club
22181;achilles2;Achilles-2;132;Netherlands;club
19168;acornbush-united;Acornbush United;168;South Africa;club
22210;acrenlessines;Acren-Lessines;20;Belgium;club
24401;acireale;Acireale;94;Italy;club
16216;acrenoise;Acrenoise;20;Belgium;club
22094;acroni-jesenice;Acroni Jesenice;165;Slovenia;club
1638;acs-poli-timisoara;ACS Poli Timisoara;151;Romania;club
7562;ad-alcorcon;AD Alcorcon;169;Spain;club
9664;acv;ACV;132;Netherlands;club
13939;ad-oliveirense;AD Oliveirense;148;Portugal;club
3477;ad-carmelita;AD Carmelita;47;Costa Rica;club
14810;adamstown-rosebuds;Adamstown Rosebuds;12;Australia;club
629;adanaspor;Adanaspor;188;Turkey;club
17381;adanaspor-u21;Adanaspor U-21;188;Turkey;club
7530;adelaide-blue-eagles;Adelaide Blue Eagles;12;Australia;club
7449;adelaide-city;Adelaide City;12;Australia;club
8974;adelaide-cobras;Adelaide Cobras;0;;club
12771;adelaide-comets;Adelaide Comets;12;Australia;club
7450;adelaide-hills;Adelaide Hills;0;;club
7462;adelaide-raiders;Adelaide Raiders;12;Australia;club
16408;adelaide-olympic;Adelaide Olympic;12;Australia;club
16997;adelaide-united-u21;Adelaide United U-21;12;Australia;club
18544;adelaide-united-w;Adelaide United W;12;Australia;club
18712;adelaide-victory;Adelaide Victory;0;;club
2111;adiyamanspor;Adiyamanspor;188;Turkey;club
3060;adelaide-united;Adelaide United;12;Australia;club
536;admira;Admira;13;Austria;club
17318;admira-praha;Admira Praha;52;Czech Republic;club
22498;admira-u19;Admira U-19;0;;club
6819;admira2;Admira-2;13;Austria;club
957;ado-den-haag;ADO Den Haag;132;Netherlands;club
24502;ado-den-haag-u19;ADO Den Haag U-19;132;Netherlands;club
15798;ado-den-haag-w;ADO Den Haag W;132;Netherlands;club
22170;ado-den-haag2;ADO Den Haag-2;132;Netherlands;club
13129;ado20;ADO-20;132;Netherlands;club
21606;aduana-stars;Aduana Stars;0;;club
23825;adriese;Adriese;94;Italy;club
13589;ae-kouklion;AE Kouklion;51;Cyprus;club
15775;ae-zakakiou;AE Zakakiou;51;Cyprus;club
23119;aegir-thorlakshofn;Aegir Thorlakshofn;87;Iceland;club
363;aek;AEK;76;Greece;club
1055;aek-larnaca;AEK Larnaca;51;Cyprus;club
22357;aek-u19;AEK U-19;76;Greece;club
18554;aek-u20;AEK U-20;76;Greece;club
1102;ael;AEL;51;Cyprus;club
22500;ael-u19;AEL U-19;0;;club
3033;aep-paphos;AEP Paphos;51;Cyprus;club
1631;aerostar-bacau;Aerostar Bacau;151;Romania;club
25099;aetos-orfani;Aetos Orfani;76;Greece;club
24047;afad;AFAD;48;Cote dIvoire;club
2560;afan-lido;Afan Lido;202;Wales;club
17393;afc;AFC;132;Netherlands;club
7721;afc-34;AFC 34;132;Netherlands;club
1489;afc-eskilstuna;AFC Eskilstuna;177;Sweden;club
15869;afc-united-u21;AFC Eskilstuna U-21;177;Sweden;club
21496;afc-linkoping;AFC Linkoping;177;Sweden;club
7585;afc-nove-mesto;AFC Nove Mesto;164;Slovakia;club
-208;afghanistan;Afghanistan;208;Afghanistan;selection
4792;afghanistan-u19;Afghanistan U-19;0;;club
24914;afghanistan-u16;Afghanistan U-16;0;;club
14204;afips;Afips;152;Russia;club
21423;afghanistan-w;Afghanistan W;0;;club
17257;afjet-afyonspor;Afjet Afyonspor;188;Turkey;club
17913;afogados;Afogados;28;Brasil;club
19022;african-all-stars;African All Stars;168;South Africa;club
9407;africa-sports;Africa Sports;48;Cote dIvoire;club
19264;afrika;Afrika;87;Iceland;club
2849;afturelding;Afturelding;87;Iceland;club
15293;afturelding-w;Afturelding W;87;Iceland;club
21907;afyonspor-u21;Afyonspor U-21;188;Turkey;club
23141;aga;Aga;139;Norway;club
15584;acassuso;Acassuso;9;Argentina;club
20238;agerbakstarup;Agerbak-Starup;53;Denmark;club
15144;agf-aarhus2;AGF Aarhus-2;53;Denmark;club
24354;aglianese;Aglianese;94;Italy;club
18298;agoncillo;Agoncillo;169;Spain;club
1390;agovv-apeldoorn;AGOVV Apeldoorn;132;Netherlands;club
20467;agri-1970;Agri 1970;188;Turkey;club
24428;agricola-borcea;Agricola Borcea;151;Romania;club
20688;agropecuario;Agropecuario;9;Argentina;club
24390;agropoli;Agropoli;94;Italy;club
1816;agrotikos;Agrotikos;76;Greece;club
19333;agsu;Agsu;14;Azerbaijan;club
16941;agua-santa;Agua Santa;28;Brasil;club
24799;agudat-sport-ashdod;Agudat Sport Ashdod;93;Israel;club
22642;agueda;Agueda;148;Portugal;club
7192;aguia-de-maraba;Aguia de Maraba;28;Brasil;club
18817;aguia-negra;Aguia Negra;28;Brasil;club
6182;aguila;Aguila;59;El Salvador;club
2402;aguilas;Aguilas;169;Spain;club
14858;ahal;Ahal;189;Turkmenistan;club
485;ahlen;Ahlen;74;Germany;club
16954;ahli-nabatiyah;Ahli Nabatiyah;106;Lebanon;club
22791;ahly-sfaxien;Ahly Sfaxien;187;Tunisia;club
16980;ahli-alkhalil;Ahli Al-Khalil;142;Palestine;club
17186;ahrobiznes-romny;Ahrobiznes Romny;192;Ukraine;club
20826;ahrobiznes-volochysk;Ahrobiznes Volochysk;192;Ukraine;club
15595;aifk;AIFK;68;Finland;club
13453;aiginiakos;Aiginiakos;76;Greece;club
19365;aigle-royal;Aigle Royal;34;Cameroon;club
766;aik;AIK;177;Sweden;club
22734;aiglon-du-lamentin;Aiglon du Lamentin;69;France;club
15334;aik-w;AIK W;177;Sweden;club
14716;aillysursomme;Ailly-Sur-Somme;69;France;club
14009;aimore;Aimore;28;Brasil;club
20208;ain-mlila;Ain Mlila;3;Algeria;club
13582;ain-fakroun;Ain Fakroun;3;Algeria;club
18659;air-force;Air Force;171;Sri Lanka;club
14035;air-force-united;Air Force United;183;Thailand;club
18933;airasia;AirAsia;116;Malaysia;club
2237;airbus;Airbus;202;Wales;club
826;airdrieonians;Airdrieonians;159;Scotland;club
23124;aisling-annacotty;Aisling Annacotty;92;Ireland;club
6967;achilles-29;Achilles 29;132;Netherlands;club
16949;aizawl;Aizawl;88;India;club
708;ajaccio;Ajaccio;69;France;club
209;ajax;Ajax;132;Netherlands;club
24616;ajaccio-u19;Ajaccio U-19;69;France;club
6327;ajax-cape-town;Ajax Cape Town;168;South Africa;club
22431;aittitos-spata;Aittitos Spata;76;Greece;club
13071;ajax-u19;Ajax U-19;132;Netherlands;club
21371;acao;Acao;28;Brasil;club
22800;ajim-djerba;Ajim Djerba;187;Tunisia;club
13702;ajka;Ajka;86;Hungary;club
6826;ajman;Ajman;193;United Arab Emirates;club
19997;akademiya-futbola;Akademiya Futbola;152;Russia;club
23204;akademialider;Akademia-Lider;103;Kyrgyzstan;club
23003;akademiya-ontustik;Akademiya Ontustik;98;Kazakhstan;club
22990;akanda;Akanda;71;Gabon;club
15799;ajax-w;Ajax W;132;Netherlands;club
7995;akcaabat-sebatspor;Akcaabat Sebatspor;188;Turkey;club
16080;akhisar-bld-u21;Akhisar Bld U-21;188;Turkey;club
1490;akhmat-groznyi;Akhmat Groznyi;152;Russia;club
8854;akhmatd;Akhmat-D;152;Russia;club
13629;akhmat2;Akhmat-2;152;Russia;club
23142;akra;Akra;139;Norway;club
16079;akragas;Akragas;94;Italy;club
17205;akritas;Akritas;51;Cyprus;club
2943;akhisar-bld-genclik;Akhisar Bld genclik;188;Turkey;club
1215;ajax2;Ajax-2;132;Netherlands;club
23561;akron;Akron;152;Russia;club
10990;akropolis;Akropolis;177;Sweden;club
7828;akritas-chloraka;Akritas Chloraka;51;Cyprus;club
657;agf-aarhus;AGF Aarhus;53;Denmark;club
20298;akumulator-mezica;Akumulator Mezica;165;Slovenia;club
2893;aksarayspor;Aksarayspor;188;Turkey;club
21539;aktobe-jas;Aktobe Jas;98;Kazakhstan;club
25047;akranes-u19;Akranes U-19;0;;club
6262;al-ahed-beirut;Al Ahed Beirut;106;Lebanon;club
20738;ajman-u21;Ajman U-21;193;United Arab Emirates;club
17244;al-adalh;Al Adalh;158;Saudi Arabia;club
18702;akwa-united;Akwa United;137;Nigeria;club
6093;al-ahli-jeddah;Al Ahli Jeddah;158;Saudi Arabia;club
11683;al-ahli-khartoum;Al Ahli Khartoum;174;Sudan;club
16187;al-ahli-dubai-u21;Al Ahli Dubai U-21;193;United Arab Emirates;club
2477;aktobe;Aktobe;98;Kazakhstan;club
7669;al-ahli-sc;Al Ahli SC;150;Qatar;club
7893;al-ahli-manama;Al Ahli Manama;16;Bahrain;club
8834;akzhayik;Akzhayik;98;Kazakhstan;club
17129;al-ahli-tripoli;Al Ahli Tripoli;0;;club
6239;al-ahly;Al Ahly;97;Jordan;club
6161;al-ahly-cairo;Al Ahly Cairo;58;Egypt;club
24157;al-ahly-merowe;Al Ahly Merowe;174;Sudan;club
11682;al-ahly-shendi;Al Ahly Shendi;174;Sudan;club
6077;al-ain;Al Ain;193;United Arab Emirates;club
18722;al-ain-fc;Al Ain FC;158;Saudi Arabia;club
16188;al-ain-u21;Al Ain U-21;193;United Arab Emirates;club
12393;al-akha-al-ahli;Al Akha Al Ahli;106;Lebanon;club
16952;al-amal-maarake;Al Amal Maarake;106;Lebanon;club
22766;al-amgad;Al Amgad;158;Saudi Arabia;club
16395;al-aqaba;Al Aqaba;97;Jordan;club
6101;al-arabi;Al Arabi;102;Kuwait;club
18952;al-arabi-al-quwain;Al Arabi Al Quwain;193;United Arab Emirates;club
6264;al-ansar-beirut;Al Ansar Beirut;106;Lebanon;club
7047;al-arabi-sc-doha;Al Arabi SC Doha;150;Qatar;club
21384;al-baha;Al Baha;158;Saudi Arabia;club
16470;al-asalah;Al Asalah;97;Jordan;club
14987;al-baten;Al Baten;158;Saudi Arabia;club
22764;al-bukiryah;Al Bukiryah;158;Saudi Arabia;club
24952;al-bidda;Al Bidda;150;Qatar;club
6080;al-dhafra;Al Dhafra;193;United Arab Emirates;club
16189;al-dhafra-u21;Al Dhafra U-21;193;United Arab Emirates;club
14882;al-diriya;Al Diriya;158;Saudi Arabia;club
15829;al-draih;Al Draih;158;Saudi Arabia;club
24937;al-diwanya;Al Diwanya;91;Iraq;club
9623;al-duhail;Al Duhail;150;Qatar;club
13175;al-egtmaaey;Al Egtmaaey;106;Lebanon;club
6821;al-fateh;Al Fateh;158;Saudi Arabia;club
8694;al-faysaly-al-majmaah;Al Faysaly Al Majmaah;158;Saudi Arabia;club
16190;al-fujairah-u21;Al Fujairah U-21;193;United Arab Emirates;club
6314;al-gharrafa-club-doha;Al Gharrafa Club Doha;150;Qatar;club
7895;al-hala-muharraq;Al Hala Muharraq;16;Bahrain;club
7896;al-hala-muharraq-2;Al Hala Muharraq;16;Bahrain;club
8095;al-fehaiheel;Al Fehaiheel;102;Kuwait;club
6091;al-hazm-rass;Al Hazm Rass;158;Saudi Arabia;club
10674;al-hidd;Al Hidd;16;Bahrain;club
11685;al-hilal-kadougli;Al Hilal Kadougli;174;Sudan;club
18951;al-hamriyah;Al Hamriyah;193;United Arab Emirates;club
6649;al-hilal-omdurman;Al Hilal Omdurman;174;Sudan;club
18638;al-hudod;Al Hudod;91;Iraq;club
15857;al-fujairah;Al Fujairah;193;United Arab Emirates;club
6087;al-hilal-riyadh;Al Hilal Riyadh;158;Saudi Arabia;club
6266;al-hikma-beirut;Al Hikma Beirut;106;Lebanon;club
14881;al-feiha;Al Feiha;158;Saudi Arabia;club
6090;al-ittifaq-dammam;Al Ittifaq Dammam;158;Saudi Arabia;club
2469;al-ittihad;Al Ittihad;158;Saudi Arabia;club
14000;al-ittihad-h;Al Ittihad H;16;Bahrain;club
6085;al-ittihad-jeddah;Al Ittihad Jeddah;158;Saudi Arabia;club
16953;al-islah;Al Islah;106;Lebanon;club
13736;al-ittehad;Al Ittehad;140;Oman;club
11949;al-jaish;Al Jaish;150;Qatar;club
18721;al-jabalain;Al Jabalain;158;Saudi Arabia;club
6104;al-jahra;Al Jahra;102;Kuwait;club
11881;al-jalil;Al Jalil;97;Jordan;club
14006;al-ittifaq-maqaba;Al Ittifaq Maqaba;16;Bahrain;club
6076;al-jazeera-abu-dhabi;Al Jazeera Abu Dhabi;193;United Arab Emirates;club
22718;al-jazeera-matrouh;Al Jazeera Matrouh;58;Egypt;club
6234;al-jazeera-j;Al Jazeera J.;97;Jordan;club
16191;al-jazeera-u21;Al Jazeera U-21;193;United Arab Emirates;club
14883;al-jeel;Al Jeel;158;Saudi Arabia;club
18644;al-karkh;Al Karkh;91;Iraq;club
18641;al-kahrabaa;Al Kahrabaa;91;Iraq;club
6311;al-khaboora;Al Khaboora;140;Oman;club
23129;al-khaledeya;Al Khaledeya;97;Jordan;club
6827;al-khaleej-khor-fakkan;Al Khaleej Khor Fakkan;193;United Arab Emirates;club
22110;al-khaleej-khor-fakkan-u21;Al Khaleej Khor Fakkan U-21;193;United Arab Emirates;club
6323;al-khor-sc;Al Khor SC;150;Qatar;club
7046;al-khuraitiat-sc;Al Khuraitiat SC;150;Qatar;club
17075;al-kiswah;Al Kiswah;179;Syria;club
6100;al-kuwait;Al Kuwait;102;Kuwait;club
6263;al-mabarrah;Al Mabarrah;106;Lebanon;club
6171;al-masry-port-said;Al Masry Port Said;58;Egypt;club
19213;al-markhiya;Al Markhiya;150;Qatar;club
11691;al-merreikh;Al Merreikh;174;Sudan;club
18633;al-minaa-basra;Al Minaa Basra;91;Iraq;club
12296;al-misfat;Al Misfat;179;Syria;club
13526;al-mohafaza;Al Mohafaza;179;Syria;club
15830;al-mojzel;Al Mojzel;158;Saudi Arabia;club
11688;al-mourada;Al Mourada;0;;club
6701;al-mokawloon;Al Mokawloon;58;Egypt;club
20667;al-mudhaibi;Al Mudhaibi;140;Oman;club
13755;al-muaidar;Al Muaidar;150;Qatar;club
17078;al-mukharram;Al Mukharram;179;Syria;club
14880;al-mujazzal;Al Mujazzal;158;Saudi Arabia;club
13250;al-musannah;Al Musannah;140;Oman;club
13605;al-nahdha;Al Nahdha;158;Saudi Arabia;club
7898;al-najma-manama;Al Najma Manama;16;Bahrain;club
18636;al-najaf;Al Najaf;91;Iraq;club
6103;al-nasar;Al Nasar;102;Kuwait;club
15831;al-najoom;Al Najoom;158;Saudi Arabia;club
2475;al-nasr;Al Nasr;193;United Arab Emirates;club
14314;al-nasr-cairo;Al Nasr Cairo;58;Egypt;club
24954;al-nasr-fc;Al Nasr FC;150;Qatar;club
6089;al-nasr-riyadh;Al Nasr Riyadh;158;Saudi Arabia;club
6309;al-nasr-salalah;Al Nasr Salalah;140;Oman;club
6267;al-nejmeh;Al Nejmeh;106;Lebanon;club
16192;al-nasr-u21;Al Nasr U-21;193;United Arab Emirates;club
9210;al-nil;Al Nil;0;;club
11684;al-nsoor;Al Nsoor;0;;club
6703;al-olympi;Al Olympi;58;Egypt;club
17245;al-qaisoma;Al Qaisoma;158;Saudi Arabia;club
13606;al-orubah;Al Orubah;158;Saudi Arabia;club
13998;al-qanah;Al Qanah;58;Egypt;club
6096;al-quadisiya-khobar;Al Quadisiya Khobar;158;Saudi Arabia;club
6097;al-quadsia;Al Quadsia;102;Kuwait;club
6426;al-quwa-jawiya;Al Quwa Jawiya;91;Iraq;club
6820;al-raed-buraidah;Al Raed Buraidah;158;Saudi Arabia;club
6319;al-rayyan-sc;Al Rayyan SC;150;Qatar;club
14210;al-riyadh;Al Riyadh;158;Saudi Arabia;club
14879;al-safa;Al Safa;158;Saudi Arabia;club
22422;al-sahel;Al Sahel;179;Syria;club
6315;al-sadd-sc-doha;Al Sadd SC Doha;150;Qatar;club
6105;al-sahil;Al Sahil;102;Kuwait;club
16110;al-salam;Al Salam;140;Oman;club
16401;al-salt;Al Salt;97;Jordan;club
6078;al-shaab-sharjah;Al Shaab Sharjah;193;United Arab Emirates;club
12928;al-sareeh;Al Sareeh;97;Jordan;club
16193;al-shaab-u21;Al Shaab U-21;193;United Arab Emirates;club
7054;al-shabab;Al Shabab;102;Kuwait;club
6074;al-shabab-al-ahli;Al Shabab Al Ahli;193;United Arab Emirates;club
7056;al-shabab-al-arabi;Al Shabab Al Arabi;106;Lebanon;club
6086;al-shabab-riyadh;Al Shabab Riyadh;158;Saudi Arabia;club
7894;al-shabbab-manama;Al Shabbab Manama;16;Bahrain;club
16194;al-shabab-u21;Al Shabab U-21;193;United Arab Emirates;club
6322;al-shahaniya;Al Shahaniya;150;Qatar;club
6075;al-sharjah;Al Sharjah;193;United Arab Emirates;club
7668;al-shamal;Al Shamal;150;Qatar;club
12929;al-sheikh-hussein;Al Sheikh Hussein;97;Jordan;club
16195;al-sharjah-u21;Al Sharjah U-21;193;United Arab Emirates;club
24156;al-shorta;Al Shorta;174;Sudan;club
12871;al-shoalah;Al Shoalah;158;Saudi Arabia;club
18645;al-simawa;Al Simawa;91;Iraq;club
7944;al-sulaibikhat;Al Sulaibikhat;102;Kuwait;club
8122;al-suwaiq;Al Suwaiq;140;Oman;club
9526;al-taawon;Al Taawon;158;Saudi Arabia;club
14005;al-tadamun-buri;Al Tadamun Buri;16;Bahrain;club
6102;al-tadhamon;Al Tadhamon;102;Kuwait;club
6095;al-taee-hail;Al Taee Hail;158;Saudi Arabia;club
16396;al-taibeh;Al Taibeh;97;Jordan;club
10838;al-talaba;Al Talaba;91;Iraq;club
21612;al-taqdom;Al Taqdom;158;Saudi Arabia;club
22790;al-taqdom-anqoon;Al Taqdom Anqoon;106;Lebanon;club
24145;al-thuqbah;Al Thuqbah;158;Saudi Arabia;club
13996;al-thaid;Al Thaid;193;United Arab Emirates;club
16400;al-turrah;Al Turrah;97;Jordan;club
24155;al-wadi;Al Wadi;174;Sudan;club
17902;al-urooba;Al Urooba;193;United Arab Emirates;club
3630;al-wahda-fc-abu-dhabi;Al Wahda FC Abu Dhabi;193;United Arab Emirates;club
6088;al-wahda-mecca;Al Wahda Mecca;158;Saudi Arabia;club
6321;al-wakra-sc;Al Wakra SC;150;Qatar;club
16196;al-wahda-u21;Al Wahda U-21;193;United Arab Emirates;club
6079;al-wasl-dubai;Al Wasl Dubai;193;United Arab Emirates;club
16197;al-wasl-dubai-u21;Al Wasl Dubai U-21;193;United Arab Emirates;club
6092;al-watani-tabuk;Al Watani Tabuk;158;Saudi Arabia;club
12718;al-zawraa;Al Zawraa;91;Iraq;club
24988;alahli-qalqilya;Al-Ahli Qalqilya;142;Palestine;club
21386;al-zulfi;Al Zulfi;158;Saudi Arabia;club
8369;alansar;Al-Ansar;158;Saudi Arabia;club
6238;alarabi;Al-Arabi;97;Jordan;club
24989;albirah-institution;Al-Birah Institution;142;Palestine;club
6237;albuqaa;Al-Buqaa;97;Jordan;club
6230;alfaysali;Al-Faysali;97;Jordan;club
11686;alhilal-port-sudan;Al-Hilal Port Sudan;0;;club
6232;alhussein;Al-Hussein;97;Jordan;club
7021;alittihad;Al-Ittihad;0;;club
7825;aljazira;Al-Jazira;179;Syria;club
7904;alkarmel;Al-Karmel;97;Jordan;club
8370;alkhaleej;Al-Khaleej;158;Saudi Arabia;club
20110;alkawkab;Al-Kawkab;158;Saudi Arabia;club
11681;alkhartoum;Al-Khartoum;174;Sudan;club
7022;almarreekh;Al-Marreekh;0;;club
21613;almuzahmiyya;Al-Muzahmiyya;158;Saudi Arabia;club
14502;alnabi-shayth;Al-Nabi Shayth;106;Lebanon;club
6303;alnahda;Al-Nahda;140;Oman;club
24878;alnasr-bingazi;Al-Nasr Bingazi;0;;club
6302;aloruba;Al-Oruba;140;Oman;club
24938;alqasim;Al-Qasim;91;Iraq;club
24990;alquwaat-alfalistinia;Al-Quwaat Al-Falistinia;142;Palestine;club
6236;alramtha;Al-Ramtha;97;Jordan;club
7448;alriffa;Al-Riffa;16;Bahrain;club
6304;alseeb;Al-Seeb;140;Oman;club
22112;alwashm;Al-Washm;158;Saudi Arabia;club
14856;alshorta;Al-Shorta;91;Iraq;club
6231;alweehdat;Al-Weehdat;97;Jordan;club
7902;alyarmouk;Al-Yarmouk;97;Jordan;club
14313;alaab-damanhour;Alaab Damanhour;58;Egypt;club
12530;alagoinhas;Alagoinhas;28;Brasil;club
8058;alahly-benghazi;Alahly Benghazi;0;;club
9211;alamal-atbara;Alamal Atbara;174;Sudan;club
17003;aland;Aland;68;Finland;club
15266;aland-united-w;Aland United W;68;Finland;club
14952;alanga;Alanga;197;Uzbekistan;club
90;alania;Alania;152;Russia;club
10984;alania-d;Alania D;152;Russia;club
2883;alanyaspor;Alanyaspor;188;Turkey;club
17382;alanyaspor-u21;Alanyaspor U-21;188;Turkey;club
23855;alashkert-w;Alashkert W;0;;club
12957;alashkert;Alashkert;10;Armenia;club
13585;alashkert2;Alashkert-2;10;Armenia;club
275;alaves;Alaves;169;Spain;club
18105;alaves2;Alaves-2;169;Spain;club
14038;alay-osh;Alay Osh;103;Kyrgyzstan;club
494;albacete;Albacete;169;Spain;club
18338;albacete2;Albacete-2;169;Spain;club
15839;albacete-w;Albacete W;169;Spain;club
21926;albalonga;Albalonga;94;Italy;club
-2;albania;Albania;2;Albania;selection
20544;albania-u16;Albania U-16;2;Albania;selection
5998;albania-u17;Albania U-17;2;Albania;selection
22423;albania-u17-w;Albania U-17 W;0;;club
23134;albania-u18;Albania U-18;0;;club
4998;albania-u19;Albania U-19;2;Albania;selection
20472;albania-u19-w;Albania U-19 W;2;Albania;selection
3998;albania-u21;Albania U-21;2;Albania;selection
13774;albania-w;Albania W;2;Albania;selection
13511;albany-creek;Albany Creek;12;Australia;club
24839;albergaria-w;Albergaria W;148;Portugal;club
21992;alberite;Alberite;169;Spain;club
19960;alberschwende;Alberschwende;13;Austria;club
22216;albert-quevymons;Albert Quevy-Mons;20;Belgium;club
853;albinoleffe;AlbinoLeffe;94;Italy;club
24571;albion;Albion;195;Uruguay;club
843;albion-rovers;Albion Rovers;159;Scotland;club
2568;albirex;Albirex;163;Singapore;club
1870;albirex-niigata;Albirex Niigata;96;Japan;club
15299;albirex-niigata-w;Albirex Niigata W;96;Japan;club
15751;albirex-niigata-u17;Albirex Niigata U-17;0;;club
22022;albissola;Albissola;94;Italy;club
2048;alcala;Alcala;169;Spain;club
16854;alcanenense;Alcanenense;148;Portugal;club
21201;alcains;Alcains;148;Portugal;club
22399;alcides;Alcides;132;Netherlands;club
18154;alcobendas-sport;Alcobendas Sport;169;Spain;club
15395;alcione;Alcione;0;;club
18157;alcobendaslevitt;Alcobendas-Levitt;169;Spain;club
18160;alcorcon2;Alcorcon-2;169;Spain;club
2401;alcoyano;Alcoyano;169;Spain;club
18213;alcudia;Alcudia;169;Spain;club
1705;aldershot;Aldershot;60;England;club
6158;aldosivi;Aldosivi;9;Argentina;club
13619;alebrijes-oaxaca;Alebrijes Oaxaca;123;Mexico;club
18586;alecrim;Alecrim;28;Brasil;club
14216;alemania-waldalgesheim;Alemania Waldalgesheim;74;Germany;club
476;alemannia-aachen;Alemannia Aachen;74;Germany;club
21896;alemannia-aachen-u19;Alemannia Aachen U-19;74;Germany;club
18355;alemannia-haibach;Alemannia Haibach;74;Germany;club
24270;alemdagspor;Alemdagspor;188;Turkey;club
7346;alessandria;Alessandria;94;Italy;club
21989;alesves;Alesves;169;Spain;club
24434;alexandria;Alexandria;151;Romania;club
6099;al-salmiyah;Al Salmiyah;102;Kuwait;club
24339;alfonsine;Alfonsine;94;Italy;club
2065;alfreton-town;Alfreton Town;60;England;club
19256;alftanes;Alftanes;87;Iceland;club
18517;alfter;Alfter;74;Germany;club
23203;alga;Alga;103;Kyrgyzstan;club
6511;algard;Algard;139;Norway;club
1588;algeciras;Algeciras;169;Spain;club
-3;algeria;Algeria;3;Algeria;selection
18254;algar;Algar;169;Spain;club
5997;algeria-u17;Algeria U-17;3;Algeria;selection
19270;algeria-u18;Algeria U-18;3;Algeria;selection
16909;algeria-u20;Algeria U-20;3;Algeria;selection
24498;algeria-u20-w;Algeria U-20 W;0;;club
3997;algeria-u21;Algeria U-21;0;;club
14568;algeria-u23;Algeria U-23;3;Algeria;selection
18197;alhaurin;Alhaurin;169;Spain;club
16919;algeria-w;Algeria W;3;Algeria;selection
18195;alhaurino;Alhaurino;169;Spain;club
22798;alia-fc;Alia FC;187;Tunisia;club
6183;alianza;Alianza;59;El Salvador;club
23704;alians-lypova-dolyna;Alians Lypova Dolyna;192;Ukraine;club
2339;alianza-atletico;Alianza Atletico;146;Peru;club
23299;alianza-guano;Alianza Guano;57;Ecuador;club
18726;alianza-fc;Alianza FC;143;Panama;club
1863;alianza-lima;Alianza Lima;146;Peru;club
22817;alianza-universidad;Alianza Universidad;146;Peru;club
7471;alianza-petrolera;Alianza Petrolera;43;Colombia;club
7972;alibeykoyspor;Alibeykoyspor;188;Turkey;club
2789;alimos;Alimos;76;Greece;club
1213;alicante;Alicante;0;;club
21694;alingsas;Alingsas;177;Sweden;club
24939;alisinaat-alkahrabaiya;Alisinaat Alkahrabaiya;91;Iraq;club
2836;aljustrelense;Aljustrelense;148;Portugal;club
2555;alki-oroklini;Alki Oroklini;51;Cyprus;club
7683;allerheiligen;Allerheiligen;13;Austria;club
6631;all-boys;All Boys;9;Argentina;club
23878;allerod;Allerod;53;Denmark;club
24212;alliance-fc;Alliance FC;182;Tanzania;club
20256;alleso;Alleso;53;Denmark;club
18336;almagro-fc;Almagro FC;169;Spain;club
1939;almagro;Almagro;9;Argentina;club
833;alloa-athletic;Alloa Athletic;159;Scotland;club
18167;almazan;Almazan;169;Spain;club
2044;almansa;Almansa;169;Spain;club
18139;almazora;Almazora;169;Spain;club
9296;almere-city-fc;Almere City FC;132;Netherlands;club
22850;almeboda-linneryd;Almeboda Linneryd;177;Sweden;club
24503;almere-city-u19;Almere City U-19;132;Netherlands;club
21821;almere-city2;Almere City-2;132;Netherlands;club
15994;almere-city-u23;Almere City U-23;132;Netherlands;club
1128;almeria;Almeria;169;Spain;club
17914;almirante-barroso;Almirante Barroso;28;Brasil;club
12195;almeria2;Almeria-2;169;Spain;club
18308;almudevar;Almudevar;169;Spain;club
18148;almoradi;Almoradi;169;Spain;club
6154;almirante-brown;Almirante Brown;9;Argentina;club
18071;alondras;Alondras;169;Spain;club
14424;alpha-united;Alpha United;0;;club
8121;alshabab;Alshabab;140;Oman;club
1508;alta;Alta;139;Norway;club
21200;alta-lisboa;Alta Lisboa;148;Portugal;club
1901;altach;Altach;13;Austria;club
1420;altach2;Altach-2;13;Austria;club
12658;altamira;Altamira;123;Mexico;club
24400;altamura;Altamura;94;Italy;club
21908;altay-u21;Altay U-21;188;Turkey;club
21541;altay-semey;Altay Semey;98;Kazakhstan;club
18408;altenholz;Altenholz;74;Germany;club
1130;altay;Altay;188;Turkey;club
13684;al-shaab;Al Shaab;193;United Arab Emirates;club
21909;altinordu-u21;Altinordu U-21;188;Turkey;club
18848;altinordu-u19;Altinordu U-19;0;;club
7977;altinordu;Altinordu;188;Turkey;club
16457;altinova-belediyespor;Altinova Belediyespor;188;Turkey;club
18457;altludersdorf;Altludersdorf;74;Germany;club
15876;alto-vicentino;Alto Vicentino;94;Italy;club
7527;altona-magic;Altona Magic;12;Australia;club
7031;altona-93;Altona 93;74;Germany;club
18775;altos;Altos;28;Brasil;club
2263;altrincham;Altrincham;60;England;club
17260;altovicentino;Altovicentino;94;Italy;club
16977;altyn-asyr;Altyn Asyr;189;Turkmenistan;club
15216;altenmarkt-w;Altenmarkt W;13;Austria;club
798;aluminij;Aluminij;165;Slovenia;club
16098;aluminium-arak;Aluminium Arak;90;Iran;club
21940;alvarado-mar-del-plata;Alvarado Mar del Plata;9;Argentina;club
12833;aluminium-hormozgan;Aluminium Hormozgan;90;Iran;club
20882;alvsjo-aik-w;Alvsjo AIK W;177;Sweden;club
21307;alvechurch;Alvechurch;60;England;club
258;alverca;Alverca;148;Portugal;club
22767;always-ready;Always Ready;25;Bolivia;club
18577;amadense;Amadense;28;Brasil;club
6791;alzira;Alzira;169;Spain;club
21671;amal;Amal;177;Sweden;club
15079;amal-bou-saada;Amal Bou Saada;3;Algeria;club
17456;amal-souk-sebt;Amal Souk Sebt;127;Morocco;club
18271;amanecer;Amanecer;169;Spain;club
16856;amarante;Amarante;148;Portugal;club
6335;amazulu-durban;AmaZulu Durban;168;South Africa;club
15039;amberg;Amberg;74;Germany;club
7275;amazon-grimstad-w;Amazon Grimstad W;139;Norway;club
9550;amed;Amed;188;Turkey;club
24321;ambrosiana;Ambrosiana;94;Italy;club
2920;amed-sk;Amed SK;188;Turkey;club
16432;amedspor;Amedspor;188;Turkey;club
24089;ameliano;Ameliano;145;Paraguay;club
1029;america;America;123;Mexico;club
22814;america-de-quito;America de Quito;57;Ecuador;club
424;america-mg;America MG;28;Brasil;club
23064;america-mg-u20;America MG U-20;28;Brasil;club
12547;america-pe;America PE;28;Brasil;club
21357;america-rj;America RJ;28;Brasil;club
3388;america-rn;America RN;28;Brasil;club
23403;america-w;America W;123;Mexico;club
12521;america-to;America TO;28;Brasil;club
2169;america-de-cali;America de Cali;43;Colombia;club
-4;american-samoa;American Samoa;4;;selection
18754;americano-bacabal;Americano Bacabal;28;Brasil;club
712;amiens;Amiens;69;France;club
13459;amiens-ac;Amiens AC;69;France;club
24134;amiens-u19;Amiens U-19;69;France;club
794;amkar;Amkar;152;Russia;club
10628;americano;Americano;28;Brasil;club
8844;amkard;Amkar-D;152;Russia;club
18352;ammerthal;Ammerthal;74;Germany;club
21331;ammanford;Ammanford;202;Wales;club
1423;amneville;Amneville;0;;club
22634;amora;Amora;148;Portugal;club
12182;amorebieta;Amorebieta;169;Spain;club
22145;amriswil;Amriswil;178;Switzerland;club
11961;amstetten;Amstetten;13;Austria;club
2180;amur;Amur;152;Russia;club
2043;amurrio;Amurrio;169;Spain;club
14025;an-giang;An Giang;200;Vietnam;club
23324;anaconda;Anaconda;57;Ecuador;club
6396;anadia;Anadia;148;Portugal;club
20276;anadolu-bagcilar;Anadolu Bagcilar;188;Turkey;club
13048;anadolu-selcuk;Anadolu Selcuk;188;Turkey;club
2785;anagenisi-epanomis;Anagenisi Epanomis;76;Greece;club
11724;anagennisi-deryneia;Anagennisi Deryneia;51;Cyprus;club
12288;anagennisi-karditsas;Anagennisi Karditsas;76;Greece;club
2922;anagold-24-erzincanspor;Anagold 24 Erzincanspor;188;Turkey;club
18395;anaitasuna-ft;Anaitasuna FT;169;Spain;club
12575;anapolina;Anapolina;28;Brasil;club
13486;anapolis;Anapolis;28;Brasil;club
516;ancona;Ancona;94;Italy;club
19052;ancona-u19;Ancona U-19;0;;club
136;anderlecht;Anderlecht;20;Belgium;club
13062;anderlecht-u19;Anderlecht U-19;0;;club
15976;anderlecht-u21;Anderlecht U-21;20;Belgium;club
19345;anderlecht-w;Anderlecht W;20;Belgium;club
22262;andernach-u19;Andernach U-19;74;Germany;club
7395;andijon-fk;Andijon FK;197;Uzbekistan;club
23076;andong-science-uni;Andong Science Uni;101;Korea Republic;club
18324;andorra-cf;Andorra CF;169;Spain;club
-5;andorra;Andorra;5;Andorra;selection
11851;andorra-sf;Andorra SF;169;Spain;club
14932;andorra-u16;Andorra U-16;5;Andorra;selection
5995;andorra-u17;Andorra U-17;5;Andorra;selection
22389;andorra-u17-w;Andorra U-17 W;0;;club
4995;andorra-u19;Andorra U-19;5;Andorra;selection
19181;andorra-w;Andorra W;5;Andorra;selection
3995;andorra-u21;Andorra U-21;5;Andorra;selection
24001;andratx;Andratx;169;Spain;club
16602;andrashida;Andrashida;86;Hungary;club
7423;andria-bat;Andria BAT;94;Italy;club
7053;andrezieux-boutheon;Andrezieux Boutheon;69;France;club
17840;anenii-noi-w;Anenii Noi W;124;Moldova;club
15523;ang-thong;Ang Thong;183;Thailand;club
982;angelholm;Angelholm;177;Sweden;club
18680;angels-fc;Angels FC;225;Gibraltar;club
1193;angers;Angers;69;France;club
23747;angers2;Angers-2;69;France;club
24606;angers-u19;Angers U-19;69;France;club
23179;angkor-tiger-fc;Angkor Tiger FC;33;Cambodia;club
-6;angola;Angola;6;Angola;selection
5994;angola-u17;Angola U-17;6;Angola;selection
19311;angola-u20;Angola U-20;6;Angola;selection
23900;angola-w;Angola W;0;;club
15770;angostura;Angostura;199;Venezuela;club
1432;angouleme;Angouleme;69;France;club
2977;angusht;Angusht;152;Russia;club
18291;anguiano;Anguiano;169;Spain;club
18750;anif;Anif;13;Austria;club
6885;angrense;Angrense;148;Portugal;club
24021;ani;Ani;10;Armenia;club
13685;ankara-adliyespor;Ankara Adliyespor;188;Turkey;club
2901;ankara-demirspor;Ankara Demirspor;188;Turkey;club
387;ankaragucu;Ankaragucu;188;Turkey;club
21904;ankaragucu-u21;Ankaragucu U-21;188;Turkey;club
15200;ankaran-hrvatini;Ankaran Hrvatini;165;Slovenia;club
11412;anker-wismar;Anker Wismar;74;Germany;club
15085;annabichler-sv;Annabichler SV;13;Austria;club
15491;annagh-united;Annagh United;138;Northern Ireland;club
3296;annan-athletic;Annan Athletic;159;Scotland;club
16934;annecy;Annecy;69;France;club
18713;annerley;Annerley;0;;club
1105;anorthosis;Anorthosis;51;Cyprus;club
-7;anquilla;Anquilla;0;;club
19008;ansan-greeners;Ansan Greeners;101;Korea Republic;club
402;antalyaspor;Antalyaspor;188;Turkey;club
907;ansbach;Ansbach;74;Germany;club
2916;antakyaspor;Antakyaspor;188;Turkey;club
16081;antalyaspor-u21;Antalyaspor U-21;188;Turkey;club
14099;antigua-gfc;Antigua GFC;80;Guatemala;club
18182;antequera;Antequera;169;Spain;club
2972;antofagasta;Antofagasta;40;Chile;club
-8;antiqua-and-barbuda;Antiqua and Barbuda;8;;selection
18205;antoniano;Antoniano;169;Spain;club
545;antwerp;Antwerp;20;Belgium;club
19964;antwerp-u21;Antwerp U-21;20;Belgium;club
19115;anundsjo;Anundsjo;177;Sweden;club
19009;anyang;Anyang;101;Korea Republic;club
88;anzhi;Anzhi;152;Russia;club
19999;anzhi-junior;Anzhi Junior;152;Russia;club
21930;anzhi-u19;Anzhi U-19;0;;club
19570;anzhi2;Anzhi-2;152;Russia;club
8843;anzhid;Anzhi-D;152;Russia;club
3557;anzoategui;Anzoategui;199;Venezuela;club
12576;aparecidense;Aparecidense;28;Brasil;club
19360;apejes-academy;APEJES Academy;34;Cameroon;club
8964;apia-tigers;APIA Tigers;12;Australia;club
1084;apoel;APOEL;51;Cyprus;club
14319;apoel-u19;APOEL U-19;0;;club
1393;apollon;Apollon;76;Greece;club
13933;apollon-kalamarias;Apollon Kalamarias;76;Greece;club
20777;apollon-larissa;Apollon Larissa;76;Greece;club
325;apollon-limassol;Apollon Limassol;51;Cyprus;club
16028;apollon-limassol-w;Apollon Limassol W;0;;club
21231;apollon-pontou;Apollon Pontou;76;Greece;club
22432;apollon-paralimniou;Apollon Paralimniou;76;Greece;club
20452;apollon-u20;Apollon U-20;76;Greece;club
370;apolonia;Apolonia;2;Albania;club
18902;apr;APR;153;Rwanda;club
24378;aprilia;Aprilia;94;Italy;club
18956;april-25;April 25;0;;club
23131;aquidauanense;Aquidauanense;28;Brasil;club
7418;arabe-unido;Arabe Unido;143;Panama;club
16397;arabi-irbid;Arabi Irbid;97;Jordan;club
24016;aragats;Aragats;10;Armenia;club
3558;aragua;Aragua;199;Venezuela;club
18805;araguaia;Araguaia;28;Brasil;club
2000;anifsalzburg2;Anif-Salzburg-2;13;Austria;club
22921;arambagh;Arambagh;17;Bangladesh;club
17277;arameiskasyrianska;Arameiska-Syrianska;177;Sweden;club
12183;arandina;Arandina;169;Spain;club
12540;arapongas;Arapongas;28;Brasil;club
327;ararat;Ararat;10;Armenia;club
20029;ararat-moscow;Ararat Moscow;152;Russia;club
1065;ararat2;Ararat-2;10;Armenia;club
21889;araratarmenia;Ararat-Armenia;10;Armenia;club
20181;araratarmenia2;Ararat-Armenia-2;10;Armenia;club
18161;aravaca;Aravaca;169;Spain;club
3002;araz;Araz;14;Azerbaijan;club
6427;arbil;Arbil;0;;club
19255;arborg;Arborg;87;Iceland;club
823;arbroath;Arbroath;159;Scotland;club
24305;arconatese;Arconatese;94;Italy;club
16968;arcos;Arcos;169;Spain;club
21719;arda-kardzhali;Arda Kardzhali;30;Bulgaria;club
17561;ardahanspor;Ardahanspor;188;Turkey;club
18279;ardoi;Ardoi;169;Spain;club
13613;ards;Ards;138;Northern Ireland;club
9089;arema;Arema;89;Indonesia;club
15721;arenas-de-getxo;Arenas de Getxo;169;Spain;club
15629;arendal;Arendal;139;Norway;club
20325;arenteiro;Arenteiro;169;Spain;club
868;arezzo;Arezzo;94;Italy;club
-9;argentina;Argentina;9;Argentina;selection
5991;argentina-u17;Argentina U-17;9;Argentina;selection
23336;argentina-u18;Argentina U-18;0;;club
24950;argentina-u19-w;Argentina U-19 W;0;;club
6159;argentina-u20;Argentina U-20;9;Argentina;selection
17170;argentina-u23;Argentina U-23;9;Argentina;selection
20485;argentina-w;Argentina W;9;Argentina;selection
24084;argentino-qulimes;Argentino Qulimes;9;Argentina;club
24742;argentino-rosario;Argentino Rosario;9;Argentina;club
405;argentinos-juniors;Argentinos Juniors;9;Argentina;club
23106;argentino-merlo;Argentino Merlo;9;Argentina;club
1635;arges;Arges;151;Romania;club
16450;arhavispor;Arhavispor;188;Turkey;club
20695;ariana;Ariana;187;Tunisia;club
24459;ariesul-turda;Ariesul Turda;151;Romania;club
730;aris;Aris;76;Greece;club
2556;aris-limassol;Aris Limassol;51;Cyprus;club
22444;aris-avato;Aris Avato;76;Greece;club
22258;aris-u19;Aris U-19;76;Greece;club
24528;aritma-praha;Aritma Praha;52;Czech Republic;club
23985;ariznabarra;Ariznabarra;169;Spain;club
15379;arizona-strikers-w;Arizona Strikers W;194;United States;club
2019;arka-gdynia;Arka Gdynia;147;Poland;club
15957;arka-gdynia-u18;Arka Gdynia U-18;147;Poland;club
15954;arka-nowa-sol-u19;Arka Nowa Sol U-19;147;Poland;club
6375;arles;Arles;69;France;club
22636;armacenenses;Armacenenses;148;Portugal;club
7455;armadale;Armadale;12;Australia;club
18870;armadale-u20;Armadale U-20;12;Australia;club
19373;arlanda;Arlanda;177;Sweden;club
6296;armagh-city;Armagh City;138;Northern Ireland;club
24131;arman-gohar;Arman Gohar;90;Iran;club
9059;armavir;Armavir;152;Russia;club
22768;armavir-fc;Armavir FC;0;;club
-10;armenia;Armenia;10;Armenia;selection
17062;armenia-u16;Armenia U-16;10;Armenia;selection
5990;armenia-u17;Armenia U-17;10;Armenia;selection
20118;armenia-u20;Armenia U-20;10;Armenia;selection
21566;armenia-u18;Armenia U-18;10;Armenia;selection
3990;armenia-u21;Armenia U-21;10;Armenia;selection
17225;arminia-bielefeld-u19;Arminia Bielefeld U-19;74;Germany;club
20565;armenia-u19-w;Armenia U-19 W;10;Armenia;selection
477;arminia-bielefeld;Arminia Bielefeld;74;Germany;club
4990;armenia-u19;Armenia U-19;10;Armenia;selection
24151;alfalah-atbra;Alfalah Atbra;174;Sudan;club
18495;arminia-bielefeld2;Arminia Bielefeld-2;74;Germany;club
20283;arminia-klosterhardt-u19;Arminia Klosterhardt U-19;74;Germany;club
18486;arminia-ludwigshafen;Arminia Ludwigshafen;74;Germany;club
18647;army;Army;171;Sri Lanka;club
8924;army-united;Army United;183;Thailand;club
23143;arnabjornar;Arna-Bjornar;139;Norway;club
7280;arnabjornar-w;Arna-Bjornar W;139;Norway;club
18304;arnedo;Arnedo;169;Spain;club
24258;arnett-gardens;Arnett Gardens;95;Jamaica;club
18063;arosa;Arosa;169;Spain;club
3852;arouca;Arouca;148;Portugal;club
6989;arras;Arras;69;France;club
15769;arroceros-c;Arroceros C.;199;Venezuela;club
12942;arroyo;Arroyo;169;Spain;club
227;arsenal;Arsenal;60;England;club
23789;arsenal-dzyarzhynsk;Arsenal Dzyarzhynsk;19;Belarus;club
8944;arsenal-bila-tserkva;Arsenal Bila Tserkva;192;Ukraine;club
1017;arsenal-kyiv;Arsenal Kyiv;192;Ukraine;club
21832;arsenal-kyiv-u21;Arsenal Kyiv U-21;192;Ukraine;club
12803;arsenal-kyivd;Arsenal Kyiv-D;192;Ukraine;club
1072;arsenal-s;Arsenal S;9;Argentina;club
1771;arsenal-t;Arsenal T;152;Russia;club
14474;arsenal-tivat;Arsenal Tivat;216;Montenegro;club
14206;arsenal-tula2;Arsenal Tula-2;152;Russia;club
23938;arsenal-u18;Arsenal U-18;60;England;club
24227;arsenal-u21;Arsenal U-21;60;England;club
13051;arsenal-u19;Arsenal U-19;0;;club
7924;arsenal-w;Arsenal W;60;England;club
13005;arsenal-u23;Arsenal U-23;60;England;club
14161;arsenald;Arsenal-D;152;Russia;club
2948;arsinspor;Arsinspor;188;Turkey;club
23434;arterivo-wakayama;Arterivo Wakayama;96;Japan;club
2935;artvin-hopaspor;Artvin Hopaspor;188;Turkey;club
-11;aruba;Aruba;11;;selection
22065;arvand-khorramshahr;Arvand Khorramshahr;90;Iran;club
18236;arucas;Arucas;169;Spain;club
23023;arvoll;Arvoll;139;Norway;club
24556;aryan;Aryan;88;India;club
15080;arzew;Arzew;3;Algeria;club
20203;arzachena;Arzachena;94;Italy;club
23859;arzignano-valchiampo;Arzignano Valchiampo;94;Italy;club
23979;arzua;Arzua;169;Spain;club
6136;as-khroub;AS Khroub;3;Algeria;club
24235;as-bamako;AS Bamako;118;Mali;club
24883;as-kigali;AS Kigali;153;Rwanda;club
22796;as-oued-ellil;AS Oued Ellil;187;Tunisia;club
23175;as-police;AS Police;0;;club
23467;as-port;AS Port;0;;club
20701;as-slimane;AS Slimane;187;Tunisia;club
18911;asfan;AS-FAN;0;;club
9033;asa;ASA;28;Brasil;club
14771;asa-aviacio;ASA Aviacio;6;Angola;club
16031;asa-tel-aviv-w;ASA Tel Aviv W;93;Israel;club
15234;asa-w;ASA W;53;Denmark;club
21621;asac-concorde;ASAC Concorde;0;;club
958;asane;Asane;139;Norway;club
22786;asante-kotoko;Asante Kotoko;0;;club
19010;asan-mugunghwa;Asan Mugunghwa;101;Korea Republic;club
19139;asarum;Asarum;177;Sweden;club
20873;asarum-w;Asarum W;177;Sweden;club
18723;asas;ASAS;0;;club
18500;asc-dortmund;ASC Dortmund;74;Germany;club
16388;asco;Asco;169;Spain;club
871;ascoli;Ascoli;94;Italy;club
14279;ascoli-picchio;Ascoli Picchio;94;Italy;club
16521;ascoli-u19;Ascoli U-19;94;Italy;club
6647;asec-mimosas;ASEC Mimosas;48;Cote dIvoire;club
24119;asfayennenga;ASFA-Yennenga;208;Afghanistan;club
24118;aseck;ASEC-K;208;Afghanistan;club
24120;asfb;ASFB;208;Afghanistan;club
24884;ashanti-gold;Ashanti Gold;0;;club
1041;ashdod;Ashdod;93;Israel;club
18574;ashdod-u19;Ashdod U-19;93;Israel;club
12848;ashington;Ashington;0;;club
18024;ashford-town;Ashford Town;60;England;club
6394;ashkhabad;Ashkhabad;189;Turkmenistan;club
16704;ashton-united;Ashton United;60;England;club
23180;asia-euro-united;Asia Euro United;33;Cambodia;club
7842;asil-lyssi;Asil Lyssi;51;Cyprus;club
24808;ask-mannersdorf;ASK Mannersdorf;0;;club
18471;askania-bernburg;Askania Bernburg;74;Germany;club
6512;asker;Asker;139;Norway;club
23604;asko-kottmannsdorf;Asko Kottmannsdorf;13;Austria;club
14087;asm-oran;ASM Oran;3;Algeria;club
6130;aso-chlef;ASO Chlef;3;Algeria;club
18440;arminia-hannover;Arminia Hannover;74;Germany;club
23165;asos;ASOS;22;Benin;club
16604;asotthalmi-te;Asotthalmi;86;Hungary;club
23160;aspac;ASPAC;22;Benin;club
7844;aspropyrgos-enosis;Aspropyrgos Enosis;76;Greece;club
18899;aspl-2000;ASPL 2000;0;;club
15779;asptt-albi-w;ASPTT Albi W;69;France;club
19149;aspuddentellus;Aspudden-Tellus;177;Sweden;club
24599;asptt-dijon-u19;ASPTT Dijon U-19;69;France;club
6804;ass-sale;ASS Sale;127;Morocco;club
19233;assiden;Assiden;139;Norway;club
18585;assu;ASSU;28;Brasil;club
975;assyriska;Assyriska;177;Sweden;club
19125;assyriska-if;Assyriska IF;177;Sweden;club
19153;assyriska-bk;Assyriska BK;177;Sweden;club
19132;assyriska-turabdin;Assyriska Turabdin;177;Sweden;club
3436;astana;Astana;98;Kazakhstan;club
16542;astana-u19;Astana U-19;0;;club
23004;astana2;Astana-2;98;Kazakhstan;club
2553;asteras-tripolis;Asteras Tripolis;76;Greece;club
13830;asteras-magoulas;Asteras Magoulas;76;Greece;club
18551;asteras-tripolis-u19;Asteras Tripolis U-19;76;Greece;club
237;aston-villa;Aston Villa;60;England;club
24493;aston-villa-u21;Aston Villa U-21;60;England;club
23939;aston-villa-u18;Aston Villa U-18;60;England;club
13013;aston-villa-u23;Aston Villa U-23;60;England;club
15252;aston-villa-w;Aston Villa W;60;England;club
18420;astoria-walldorf2;Astoria Walldorf-2;74;Germany;club
14097;astoria-walldorf;Astoria Walldorf;74;Germany;club
7300;astra;Astra;151;Romania;club
23751;astra-hungary-w;Astra Hungary W;86;Hungary;club
24438;astra2;Astra-2;151;Romania;club
17711;astoria-walldorf-u19;Astoria Walldorf U-19;74;Germany;club
17311;asu-poli-timisoara;ASU Poli Timisoara;151;Romania;club
23344;astrio;Astrio;177;Sweden;club
14427;asv-de-dijk;ASV De Dijk;132;Netherlands;club
23171;asvo;ASVO;22;Benin;club
16865;aswan-fc;Aswan FC;58;Egypt;club
7723;aswh;ASWH;132;Netherlands;club
6699;asyut-petroleum;Asyut Petroleum;58;Egypt;club
16509;atalanta-u19;Atalanta U-19;94;Italy;club
193;atalanta;Atalanta;94;Italy;club
18188;atarfe-industrial;Atarfe Industrial;169;Spain;club
22032;atasehir-w;Atasehir W;0;;club
18449;altglienicke;Altglienicke;74;Germany;club
21310;atherton-collieries;Atherton Collieries;60;England;club
267;athletic-bilbao;Athletic Bilbao;169;Spain;club
13056;athletic-u19;Athletic U-19;0;;club
22132;athletic-u23;Athletic U-23;0;;club
19053;athletic-union-u19;Athletic Union U-19;0;;club
15834;athletic-w;Athletic W;169;Spain;club
12180;athletic2;Athletic-2;169;Spain;club
2212;athlone-town;Athlone Town;92;Ireland;club
18920;atlabara;Atlabara;0;;club
23459;atlabara-fc;Atlabara FC;0;;club
15576;atlanta-ca;Atlanta CA;9;Argentina;club
11100;atlanta-silverbacks;Atlanta Silverbacks;194;United States;club
19012;atlanta-united;Atlanta United;194;United States;club
22852;atlanta-united2;Atlanta United-2;194;United States;club
338;atlantas;Atlantas;111;Lithuania;club
15371;atlanta-silverbacks-w;Atlanta Silverbacks W;194;United States;club
1697;atlante;Atlante;123;Mexico;club
17910;atlantico;Atlantico;28;Brasil;club
23195;atlantico-fc;Atlantico FC;56;Dominican Republic;club
779;atlantis;Atlantis;68;Finland;club
1685;atlas;Atlas;123;Mexico;club
20083;atlas-delmenhorst;Atlas Delmenhorst;74;Germany;club
23404;atlas-w;Atlas W;123;Mexico;club
18855;atletico-acreano;Atletico Acreano;28;Brasil;club
18099;atletico-albericia;Atletico Albericia;169;Spain;club
16855;atletico-arcos;Atletico Arcos;148;Portugal;club
24814;atletic-escaldes;Atletic Escaldes;5;Andorra;club
14226;atletico-astorga;Atletico Astorga;169;Spain;club
12184;atletico-baleares;Atletico Baleares;169;Spain;club
14988;atletico-bermejo;Atletico Bermejo;25;Bolivia;club
18590;atletico-cajazeirense;Atletico Cajazeirense;28;Brasil;club
3378;atletico-bucaramanga;Atletico Bucaramanga;43;Colombia;club
22740;atletico-cearense;Atletico Cearense;28;Brasil;club
14609;atletico-de-kolkata;Atletico de Kolkata;88;India;club
23657;atletico-chiriqui;Atletico Chiriqui;143;Panama;club
1804;atletico-cp;Atletico CP;148;Portugal;club
18151;atletico-de-pinto;Atletico de Pinto;169;Spain;club
13423;atletico-deva;Atletico Deva;169;Spain;club
18200;atletico-espeleno;Atletico Espeleno;169;Spain;club
22047;atletico-furrial;Atletico Furrial;199;Venezuela;club
7209;atletico-go;Atletico GO;28;Brasil;club
20401;atletico-guanare;Atletico Guanare;199;Venezuela;club
24630;atletico-guemes;Atletico Guemes;9;Argentina;club
3384;atletico-huila;Atletico Huila;43;Colombia;club
20359;atletico-ibanes;Atletico Ibanes;169;Spain;club
24086;atletico-juventud;Atletico Juventud;145;Paraguay;club
24748;atletico-lugano;Atletico Lugano;9;Argentina;club
7436;atenas;Atenas;195;Uruguay;club
495;atletico-madrid;Atletico Madrid;169;Spain;club
13752;atletico-madrid-u19;Atletico Madrid U-19;0;;club
18089;atletico-lugones;Atletico Lugones;169;Spain;club
12170;atletico-madrid2;Atletico Madrid-2;169;Spain;club
16858;atletico-malveira;Atletico Malveira;148;Portugal;club
7435;atletico-marte;Atletico Marte;59;El Salvador;club
20390;atletico-monzon;Atletico Monzon;169;Spain;club
2172;atletico-nacional;Atletico Nacional;43;Colombia;club
23188;atletico-pantoja;Atletico Pantoja;56;Dominican Republic;club
14781;atletico-parana;Atletico Parana;9;Argentina;club
24003;atletico-paso;Atletico Paso;169;Spain;club
15835;atletico-madrid-w;Atletico Madrid W;169;Spain;club
24236;asom;ASOM;118;Mali;club
6320;al-sailiya-sc;Al Sailiya SC;150;Qatar;club
14738;atletico-pe;Atletico PE;28;Brasil;club
23998;atletico-porcuna;Atletico Porcuna;169;Spain;club
3377;atletico-progreso;Atletico Progreso;195;Uruguay;club
18255;atletico-pulpileno;Atletico Pulpileno;169;Spain;club
14691;atletico-riachense;Atletico Riachense;148;Portugal;club
22925;atletico-roraima;Atletico Roraima;28;Brasil;club
23309;atletico-porteno;Atletico Porteno;57;Ecuador;club
1619;atletico-rafaela;Atletico Rafaela;9;Argentina;club
1683;atletico-san-luis;Atletico San Luis;123;Mexico;club
23405;atletico-san-luis-w;Atletico San Luis W;123;Mexico;club
23193;atletico-san-francisco;Atletico San Francisco;56;Dominican Republic;club
12943;atletico-sanluqueno;Atletico Sanluqueno;169;Spain;club
13469;atletico-sorocaba;Atletico Sorocaba;28;Brasil;club
21982;atletico-tacoronte;Atletico Tacoronte;169;Spain;club
24088;atletico-tembetar;Atletico Tembetar;145;Paraguay;club
24377;atletico-terme-fiuggi;Atletico Terme Fiuggi;94;Italy;club
15901;atletico-socopo;Atletico Socopo;199;Venezuela;club
16458;atletico-vaslui;Atletico Vaslui;151;Romania;club
17915;atletico-tubarao;Atletico Tubarao;28;Brasil;club
9297;atletico-venezuela;Atletico Venezuela;199;Venezuela;club
18725;atletico-veraguense;Atletico Veraguense;143;Panama;club
3560;atletico-vigia;Atletico Vigia;199;Venezuela;club
18181;atletico-tordesillas;Atletico Tordesillas;169;Spain;club
23371;atleticomg-u20;Atletico-MG U-20;28;Brasil;club
425;atleticomg;Atletico-MG;28;Brasil;club
426;atleticopr;Atletico-PR;28;Brasil;club
23372;atleticopr-u20;Atletico-PR U-20;28;Brasil;club
14436;atletik-kuklen;Atletik Kuklen;30;Bulgaria;club
13461;atm;ATM;116;Malaysia;club
14927;atomic-fc;Atomic FC;35;Canada;club
17172;atom-novovoronezh;Atom Novovoronezh;152;Russia;club
2286;atromitos;Atromitos;76;Greece;club
23006;atmosfera;Atmosfera;111;Lithuania;club
984;atvidaberg;Atvidaberg;177;Sweden;club
23390;atyra;Atyra;145;Paraguay;club
18548;atromitos-u19;Atromitos U-19;76;Greece;club
21727;atsv-erlangen;ATSV Erlangen;74;Germany;club
13975;aubagne;Aubagne;69;France;club
17177;atus-ferlach;ATUS Ferlach;13;Austria;club
1099;atyrau;Atyrau;98;Kazakhstan;club
21964;atzeneta;Atzeneta;169;Spain;club
8356;aubervilliers-c;Aubervilliers C;69;France;club
18350;aubstadt;Aubstadt;74;Germany;club
14752;aucas;Aucas;57;Ecuador;club
8060;auchinleck-talbot;Auchinleck Talbot;159;Scotland;club
15664;auda;Auda;105;Latvia;club
8092;auckland-city;Auckland City;134;New Zealand;club
13474;audax-rio;Audax Rio;28;Brasil;club
14007;audax-sao-paulo;Audax Sao Paulo;28;Brasil;club
20062;audaz;Audaz;59;El Salvador;club
12872;auerbach;Auerbach;74;Germany;club
17100;augnablik;Augnablik;87;Iceland;club
24391;audace-cerignola;Audace Cerignola;94;Italy;club
2301;audax-italiano;Audax Italiano;40;Chile;club
12835;augsburg2;Augsburg-2;74;Germany;club
17219;augsburg-u19;Augsburg U-19;74;Germany;club
2326;augsburg;Augsburg;74;Germany;club
18118;aurrera-de-ondarroa;Aurrera de Ondarroa;169;Spain;club
20355;aurrera-de-vitoria;Aurrera de Vitoria;169;Spain;club
17047;aurskog;Aurskog;139;Norway;club
15679;auska;Auska;111;Lithuania;club
6536;austevoll;Austevoll;139;Norway;club
22862;austin-bold;Austin Bold;194;United States;club
-12;australia;Australia;12;Australia;selection
23819;australia-u16;Australia U-16;0;;club
24890;australia-u16-w;Australia U-16 W;0;;club
10395;aurillac;Aurillac;69;France;club
18768;australia-u18;Australia U-18;12;Australia;selection
4988;australia-u19;Australia U-19;0;;club
11147;australia-w;Australia W;12;Australia;selection
-13;austria;Austria;13;Austria;selection
13649;aumundvegesack;Aumund-Vegesack;74;Germany;club
13125;austria-klagenfurt;Austria Klagenfurt;13;Austria;club
16407;australia-u23;Australia U-23;12;Australia;selection
7744;australia-u20;Australia U-20;12;Australia;selection
1006;austria-lustenau;Austria Lustenau;13;Austria;club
23617;austria-lustenau2;Austria Lustenau-2;13;Austria;club
14541;austria-u16;Austria U-16;13;Austria;selection
5988;australia-u17;Australia U-17;12;Australia;selection
13797;austria-salzburg;Austria Salzburg;13;Austria;club
14584;austria-u18;Austria U-18;13;Austria;selection
19036;austria-u17-w;Austria U-17 W;168;South Africa;club
4987;austria-u19;Austria U-19;13;Austria;selection
3988;australia-u21;Australia U-21;12;Australia;selection
11364;austria-u20;Austria U-20;13;Austria;selection
3987;austria-u21;Austria U-21;13;Austria;selection
20561;austria-u19-w;Austria U-19 W;13;Austria;selection
537;austria-v;Austria V;13;Austria;club
13779;austria-w;Austria W;13;Austria;selection
2262;austria-w2;Austria W-2;13;Austria;club
5987;austria-u17;Austria U-17;13;Austria;selection
18595;auto-esporte;Auto Esporte;28;Brasil;club
21993;autol;Autol;169;Spain;club
173;auxerre;Auxerre;69;France;club
24593;auxerre-u19;Auxerre U-19;69;France;club
15320;avaldsnes-w;Avaldsnes W;139;Norway;club
21742;austria-xiii;Austria XIII;13;Austria;club
21375;avallon;Avallon;69;France;club
1867;avangard;Avangard;152;Russia;club
21990;avance-ezcabarte;Avance Ezcabarte;169;Spain;club
23705;avanhard2;Avanhard-2;192;Ukraine;club
12787;avanhard;Avanhard;192;Ukraine;club
17348;avanti-31;Avanti '31;132;Netherlands;club
2493;aurora;Aurora;25;Bolivia;club
24461;avantul-reghin;Avantul Reghin;151;Romania;club
9667;avedore;Avedore;53;Denmark;club
1992;avarta;Avarta;53;Denmark;club
16705;aveley-fc;Aveley FC;60;England;club
873;avellino;Avellino;94;Italy;club
16522;avellino-u19;Avellino U-19;94;Italy;club
24245;avenir-de-tombouctou;Avenir de Tombouctou;118;Mali;club
6391;avai-florianopolis;Avai Florianopolis;28;Brasil;club
13434;avenir-foot-lozere;Avenir Foot Lozere;69;France;club
14282;aversa-normanna;Aversa Normanna;94;Italy;club
12512;avenida-sc;Avenida SC;28;Brasil;club
23968;aves-u23;Aves U-23;148;Portugal;club
24364;avezzano;Avezzano;94;Italy;club
22949;avion-academy;Avion Academy;34;Cameroon;club
21690;avanti-stekene;Avanti Stekene;0;;club
23771;avia-swidnik;Avia Swidnik;147;Poland;club
2974;avispa-fukuoka;Avispa Fukuoka;96;Japan;club
14786;avondale-heights;Avondale Heights;12;Australia;club
18856;avondale-heights-u20;Avondale Heights U-20;12;Australia;club
2211;avondale-utd;Avondale Utd;92;Ireland;club
2151;avranches;Avranches;69;France;club
21863;avtofavorit;Avtofavorit;152;Russia;club
23167;avrankou-omnisport;Avrankou Omnisport;22;Benin;club
22336;axiopolis;Axiopolis;151;Romania;club
21484;axiso2;Axis-O2;116;Malaysia;club
23166;ayema;Ayema;22;Benin;club
2885;aydinspor;Aydinspor;188;Turkey;club
12720;ayeyawady;Ayeyawady;129;Myanmar;club
3032;ayia-napa;Ayia Napa;51;Cyprus;club
18022;aylesbury-united;Aylesbury United;60;England;club
825;ayr-united;Ayr United;159;Scotland;club
13914;ayron;Ayron;169;Spain;club
15533;ayutthaya;Ayutthaya;183;Thailand;club
13691;ayvalikgucu;Ayvalikgucu;188;Turkey;club
21925;az-picerno;AZ Picerno;94;Italy;club
24501;az-u19;AZ U-19;132;Netherlands;club
15992;az-u23;AZ U-23;132;Netherlands;club
2283;az2;AZ-2;132;Netherlands;club
23462;azam;Azam;182;Tanzania;club
13751;austria-v-u19;Austria V U-19;13;Austria;club
6118;azal;AZAL;14;Azerbaijan;club
14665;azerbaijan-u16;Azerbaijan U-16;14;Azerbaijan;selection
-14;azerbaijan;Azerbaijan;14;Azerbaijan;selection
5986;azerbaijan-u17;Azerbaijan U-17;14;Azerbaijan;selection
7100;azerbaijan-u18;Azerbaijan U-18;14;Azerbaijan;selection
15861;azerbaijan-u17-w;Azerbaijan U-17 W;14;Azerbaijan;selection
4986;azerbaijan-u19;Azerbaijan U-19;14;Azerbaijan;selection
21618;azerbaijan-u20;Azerbaijan U-20;0;;club
19281;azerbaijan-u19-w;Azerbaijan U-19 W;14;Azerbaijan;selection
3986;azerbaijan-u21;Azerbaijan U-21;14;Azerbaijan;selection
19286;azerbaijan-u23;Azerbaijan U-23;14;Azerbaijan;selection
14889;azerbaijan-w;Azerbaijan W;14;Azerbaijan;selection
20784;azot-vitkovici;Azot Vitkovici;26;Bosnia and Herzegovina;club
17338;azsv;AZSV;132;Netherlands;club
18258;azuaga;Azuaga;169;Spain;club
19542;azul-claro-numazu;Azul Claro Numazu;96;Japan;club
17584;azzurri-90-lausanne;Azzurri 90 Lausanne;178;Switzerland;club
18327;azuqueca;Azuqueca;169;Spain;club
218;az;AZ;132;Netherlands;club
23211;azam-tigers;Azam Tigers;115;Malawi;club
1811;aves;Aves;148;Portugal;club
24615;aviron-u19;Aviron U-19;69;France;club
