18682;ma-pau;Ma Pau;186;Trinidad and Tobago;club
12500;macae;Macae;28;Brasil;club
24928;macao-u16;Macao U-16;0;;club
4887;macao-u19;Macao U-19;0;;club
7025;maccabi-ahi-nazareth;Maccabi Ahi Nazareth;93;Israel;club
23102;macau-u23;Macau U-23;113;Macao;selection
24805;maccabi-ashdod;Maccabi Ashdod;93;Israel;club
139;maccabi-haifa;Maccabi Haifa;93;Israel;club
18562;maccabi-haifa-u19;Maccabi Haifa U-19;93;Israel;club
3053;maccabi-herzeliya;Maccabi Herzeliya;93;Israel;club
18628;maccabi-holon-w;Maccabi Holon W;93;Israel;club
7029;maccabi-ironi-kiryat-ata;Maccabi Ironi Kiryat Ata;93;Israel;club
24790;maccabi-ironi-tamra;Maccabi Ironi Tamra;93;Israel;club
8870;maccabi-kabilio-jaffa;Maccabi Kabilio Jaffa;93;Israel;club
24789;maccabi-kiryat-ata;Maccabi Kiryat Ata;93;Israel;club
24806;maccabi-kiryat-gat;Maccabi Kiryat Gat;93;Israel;club
18623;maccabi-kiryat-gat-w;Maccabi Kiryat Gat W;93;Israel;club
18625;maccabi-kishronot-w;Maccabi Kishronot W;93;Israel;club
1042;maccabi-netanya;Maccabi Netanya;93;Israel;club
18570;maccabi-netanya-u19;Maccabi Netanya U-19;93;Israel;club
1044;maccabi-petah-tikva;Maccabi Petah Tikva;93;Israel;club
18563;maccabi-petah-tikva-u19;Maccabi Petah Tikva U-19;93;Israel;club
22779;maccabi-sa;Maccabi SA;168;South Africa;club
17310;maccabi-shaarayim;Maccabi Shaarayim;93;Israel;club
348;maccabi-tel-aviv;Maccabi Tel Aviv;93;Israel;club
16545;maccabi-ta-u19;Maccabi T-A U-19;93;Israel;club
24788;maccabi-tzur-shalom;Maccabi Tzur Shalom;93;Israel;club
11669;maccabi-umm-al-fahm;Maccabi Umm Al Fahm;93;Israel;club
12897;maccabi-yavne;Maccabi Yavne;93;Israel;club
613;macclesfield-town;Macclesfield Town;60;England;club
16076;maceratese;Maceratese;94;Italy;club
19051;maceratese-u19;Maceratese U-19;0;;club
13633;machine-sazi;Machine Sazi;90;Iran;club
12715;machida-zelvia;Machida Zelvia;96;Japan;club
16105;machine-shahrdari;Machine Shahrdari;90;Iran;club
19975;macva-sabac;Macva Sabac;204;Serbia;club
21242;mad;Mad;86;Hungary;club
-114;madagascar;Madagascar;114;;selection
23895;madagascar-w;Madagascar W;0;;club
18981;madang-fox;Madang Fox;0;;club
17054;madla;Madla;139;Norway;club
20523;madrid-w;Madrid W;169;Spain;club
18332;madridejos;Madridejos;169;Spain;club
23448;madura;Madura;89;Indonesia;club
18939;madura-united;Madura United;89;Indonesia;club
12501;madureira;Madureira;28;Brasil;club
15351;magallanes;Magallanes;40;Chile;club
902;magdeburg;Magdeburg;74;Germany;club
15975;magdeburg-u19;Magdeburg U-19;74;Germany;club
18979;magenta-fc;Magenta FC;0;;club
19266;magni;Magni;87;Iceland;club
23801;magnitogorsk;Magnitogorsk;152;Russia;club
13970;magny-renaissance;Magny Renaissance;69;France;club
18678;magpies;Magpies;225;Gibraltar;club
21414;magpies-crusaders;Magpies Crusaders;12;Australia;club
17387;magreb-90;Magreb '90;132;Netherlands;club
24488;magura-cisnadie;Magura Cisnadie;151;Romania;club
18955;magwe;Magwe;129;Myanmar;club
1817;maia;Maia;0;;club
22795;mahdia;Mahdia;187;Tunisia;club
23483;maiak-chirsova;Maiak Chirsova;124;Moldova;club
3664;maidenhead-utd;Maidenhead Utd;60;England;club
14603;maidstone-utd;Maidstone Utd;60;England;club
482;mainz;Mainz;74;Germany;club
15705;mainz-u19;Mainz U-19;74;Germany;club
1952;mainz2;Mainz-2;74;Germany;club
6359;majd;Majd;179;Syria;club
14816;maitland;Maitland;12;Australia;club
24124;majestic;Majestic;208;Afghanistan;club
3011;makedonija;Makedonija;65;Rep. of Macedonia;club
23560;makhachkala;Makhachkala;152;Russia;club
2616;mako;Mako;86;Hungary;club
9264;malacateco;Malacateco;80;Guatemala;club
20663;malacky;Malacky;164;Slovakia;club
278;malaga;Malaga;169;Spain;club
22106;malaga-w;Malaga W;169;Spain;club
1591;malaga2;Malaga-2;169;Spain;club
2218;malahide-utd;Malahide Utd.;92;Ireland;club
18986;malampa-revivors;Malampa Revivors;0;;club
24866;malanti-chiefs;Malanti Chiefs;176;Eswatini;club
395;malatyaspor;Malatyaspor;0;;club
6215;malavan;Malavan;90;Iran;club
-115;malawi;Malawi;115;Malawi;selection
22883;malawi-u23;Malawi U-23;0;;club
23896;malawi-w;Malawi W;0;;club
-116;malaysia;Malaysia;116;Malaysia;selection
4884;malaysia-u19;Malaysia U-19;0;;club
17096;malaysia-u16;Malaysia U-16;116;Malaysia;selection
3884;malaysia-u21;Malaysia U-21;116;Malaysia;selection
17113;malaysia-u22;Malaysia U-22;116;Malaysia;selection
19319;malaysia-u23;Malaysia U-23;116;Malaysia;selection
15400;malaysia-univ;Malaysia Univ.;116;Malaysia;selection
21638;malaysia-w;Malaysia W;0;;club
6670;malaysian-allstars;Malaysian Allstars;116;Malaysia;club
18456;malchower-sv;Malchower SV;74;Germany;club
22146;malcantone;Malcantone;178;Switzerland;club
-117;maldives;Maldives;117;Maldives;selection
24912;maldives-u16;Maldives U-16;0;;club
4883;maldives-u19;Maldives U-19;0;;club
21316;maldon-and-tiptree;Maldon and Tiptree;60;England;club
16067;males-berovo;Males Berovo;65;Rep. of Macedonia;club
196;ac-milan;AC Milan;94;Italy;club
17130;mali-u16;Mali U-16;0;;club
5882;mali-u17;Mali U-17;0;;club
4882;mali-u19;Mali U-19;0;;club
11360;mali-u20;Mali U-20;0;;club
17085;mali-u23;Mali U-23;0;;club
21454;mali-w;Mali W;0;;club
24888;malindi;Malindi;0;;club
7900;malkiya;Malkiya;16;Bahrain;club
15333;mallbacken-w;Mallbacken W;177;Sweden;club
271;mallorca;Mallorca;169;Spain;club
12187;mallorca2;Mallorca-2;169;Spain;club
774;malmo-ff;Malmo FF;177;Sweden;club
14315;malmo-u19;Malmo U-19;0;;club
18966;malmo-u21;Malmo U-21;177;Sweden;club
-119;malta;Malta;119;Malta;selection
5881;malta-u17;Malta U-17;119;Malta;selection
18944;malta-u16;Malta U-16;119;Malta;selection
20844;malta-u17-w;Malta U-17 W;0;;club
4881;malta-u19;Malta U-19;119;Malta;selection
22224;malta-u19-w;Malta U-19 W;0;;club
14564;maardu;Maardu;63;Estonia;club
3881;malta-u21;Malta U-21;119;Malta;selection
13766;malta-w;Malta W;119;Malta;selection
2879;maltepespor;Maltepespor;188;Turkey;club
17681;malzenice;Malzenice;164;Slovakia;club
14906;maluti-fet-college;Maluti FET College;168;South Africa;club
24247;mamahira;Mamahira;118;Mali;club
2285;mamelodi-sundowns;Mamelodi Sundowns;168;South Africa;club
14731;mamore;Mamore;28;Brasil;club
12190;manacor;Manacor;169;Spain;club
23698;managua;Managua;135;Nicaragua;club
7897;manama;Manama;16;Bahrain;club
22829;manang-marshyangdi;Manang Marshyangdi;0;;club
14439;manastirishte-2000;Manastirishte 2000;30;Bulgaria;club
21426;manaus;Manaus;28;Brasil;club
11729;manavgat;Manavgat;188;Turkey;club
17253;mancha-real;Mancha Real;169;Spain;club
20360;manchego;Manchego;169;Spain;club
461;manchester-city;Manchester City;60;England;club
23930;manchester-city-u18;Manchester City U-18;60;England;club
13053;manchester-city-u19;Manchester City U-19;0;;club
24492;manchester-city-u21;Manchester City U-21;60;England;club
13019;manchester-city-u23;Manchester City U-23;60;England;club
15247;manchester-city-w;Manchester City W;60;England;club
243;manchester-united;Manchester United;60;England;club
13738;manchester-utd-u19;Manchester Utd U-19;0;;club
23931;manchester-utd-u18;Manchester Utd U-18;60;England;club
23860;manchester-utd-u21;Manchester Utd U-21;60;England;club
13012;manchester-utd-u23;Manchester Utd U-23;60;England;club
22103;manchester-utd-w;Manchester Utd W;60;England;club
1506;mandalskameratene;Mandalskameratene;139;Norway;club
22214;mandel-united;Mandel United;20;Belgium;club
7481;mandurah-city;Mandurah City;12;Australia;club
18878;mandurah-city-u20;Mandurah City U-20;12;Australia;club
22999;mangasport;Mangasport;0;;club
23267;manica;Manica;207;Zimbabwe;club
23466;maniema-union;Maniema Union;45;DR Congo;club
15853;manisa-bbsk;Manisa BBSK;188;Turkey;club
1628;manisaspor;Manisaspor;188;Turkey;club
18130;manlleu;Manlleu;169;Spain;club
8960;manly-united-fc;Manly United FC;12;Australia;club
13798;mannsdorf;Mannsdorf;13;Austria;club
23989;manresa;Manresa;169;Spain;club
612;mansfield-town;Mansfield Town;60;England;club
9542;mansheyat;Mansheyat;97;Jordan;club
6066;mantes;Mantes;69;France;club
7116;manta;Manta;57;Ecuador;club
2376;mantova;Mantova;94;Italy;club
24867;manzini-sea-birds;Manzini Sea Birds;176;Eswatini;club
24864;manzini-wanderers;Manzini Wanderers;176;Eswatini;club
10955;maps-masku;MaPS Masku;68;Finland;club
18248;mar-menor;Mar Menor;169;Spain;club
18191;maracena;Maracena;169;Spain;club
24886;maranatha-fiokpo;Maranatha Fiokpo;0;;club
14748;maranguape-fc;Maranguape FC;28;Brasil;club
6193;marathon;Marathon;84;Honduras;club
16974;marbella;Marbella;169;Spain;club
18756;maranhao;Maranhao;28;Brasil;club
23678;marcelova;Marcelova;164;Slovakia;club
18329;marchamalo;Marchamalo;169;Spain;club
12573;marcilio-dias;Marcilio Dias;28;Brasil;club
8961;marconi-stallions;Marconi Stallions;12;Australia;club
13985;marcqenbaroeul;Marcq-en-Baroeul;69;France;club
22238;mardin-bb;Mardin BB;188;Turkey;club
15899;margarita;Margarita;199;Venezuela;club
639;marek;Marek;30;Bulgaria;club
2705;margate;Margate;60;England;club
21737;maria-saal;Maria Saal;13;Austria;club
22638;maria-da-fonte;Maria da Fonte;148;Portugal;club
133;maribor;Maribor;165;Slovenia;club
14320;maribor-u19;Maribor U-19;0;;club
24485;marianske-lazne;Marianske Lazne;52;Czech Republic;club
2183;mariehamn;Mariehamn;68;Finland;club
20875;mariebo-w;Mariebo W;177;Sweden;club
9668;marienlyst;Marienlyst;53;Denmark;club
6061;marignane-gignac;Marignane Gignac;69;France;club
6581;marilia;Marilia;28;Brasil;club
24407;marina-di-ragusa;Marina di Ragusa;94;Italy;club
25062;marines;Marines;153;Rwanda;club
2708;marine;Marine;60;England;club
14736;maringa;Maringa;28;Brasil;club
-118;mali;Mali;118;Mali;selection
12591;marino-de-cudeyo;Marino de Cudeyo;169;Spain;club
18987;marist-fire;Marist Fire;0;;club
249;maritimo;Maritimo;148;Portugal;club
11852;marino-de-luanco;Marino de Luanco;169;Spain;club
-113;macao;Macao;113;Macao;selection
24842;maritimo-w;Maritimo W;148;Portugal;club
23645;marinhense;Marinhense;148;Portugal;club
15480;maqtaaral;Maqtaaral;98;Kazakhstan;club
12900;maritimo2;Maritimo-2;148;Portugal;club
6977;maritsa;Maritsa;30;Bulgaria;club
6752;maritzburg-united;Maritzburg United;168;South Africa;club
1160;mariupol;Mariupol;192;Ukraine;club
19843;mariupol-u21;Mariupol U-21;192;Ukraine;club
24992;markez-balata;Markez Balata;142;Palestine;club
23973;maritimo-u23;Maritimo U-23;148;Portugal;club
19020;mariveni-united;Mariveni United;168;South Africa;club
18472;markranstadt;Markranstadt;74;Germany;club
3385;marquense;Marquense;80;Guatemala;club
6344;marsa;Marsa;187;Tunisia;club
24408;marsala;Marsala;94;Italy;club
175;marseille;Marseille;69;France;club
14705;marseille-endoume;Marseille Endoume;69;France;club
18533;marseille-w;Marseille W;69;France;club
15931;marseille2;Marseille-2;69;France;club
669;marsonia;Marsonia;49;Croatia;club
12861;marske-united;Marske United;60;England;club
20220;marstalrise;Marstal-Rise;53;Denmark;club
21403;martapura;Martapura;89;Indonesia;club
23528;martigny-sports;Martigny Sports;178;Switzerland;club
718;martigues;Martigues;69;France;club
24281;maroons;Maroons;191;Uganda;club
14288;martina-franca;Martina Franca;94;Italy;club
23625;martinroda;Martinroda;74;Germany;club
-120;martinique;Martinique;120;;selection
18183;martos;Martos;169;Spain;club
22029;martve-w;Martve W;0;;club
6283;mas-fes;MAS Fes;127;Morocco;club
18617;maschen;Maschen;0;;club
22218;marvilde;Marvilde;132;Netherlands;club
7400;mashal-muborak;Mashal Muborak;197;Uzbekistan;club
18488;marl-huls;Marl Huls;74;Germany;club
2976;mashukkmv;Mashuk-KMV;152;Russia;club
24023;masis;Masis;10;Armenia;club
2387;massese;Massese;94;Italy;club
13370;master-burgas;Master Burgas;30;Bulgaria;club
23212;masters-security;Masters Security;115;Malawi;club
6284;mat-tetouan;MAT Tetouan;127;Morocco;club
16171;matchakhela;Matchakhela;73;Georgia;club
20165;matelica;Matelica;94;Italy;club
13660;matera;Matera;94;Italy;club
16619;mateszalkai-mtk;Mateszalkai MTK;86;Hungary;club
12751;mathare-united;Mathare United;99;Kenya;club
17799;matlock-town;Matlock Town;60;England;club
14709;matoury;Matoury;69;France;club
19546;matsue-city;Matsue City;96;Japan;club
1004;mattersburg;Mattersburg;13;Austria;club
6951;matsumoto-yamaga-fc;Matsumoto Yamaga FC;96;Japan;club
21734;mattersburg2;Mattersburg-2;13;Austria;club
18832;mauerwerk;Mauerwerk;13;Austria;club
-121;mauritania;Mauritania;121;;selection
23821;mauritania-u20;Mauritania U-20;0;;club
-122;mauritius;Mauritius;122;;selection
23899;mauritius-w;Mauritius W;0;;club
23473;maxaquene;Maxaquene;128;Mozambique;club
22051;maynooth-univercity;Maynooth Univercity;92;Ireland;club
17017;mayo-league;Mayo League;92;Ireland;club
21984;mazarron;Mazarron;169;Spain;club
13508;maziya;Maziya;117;Maldives;club
20164;mazzano;Mazzano;94;Italy;club
21960;martinenc;Martinenc;169;Spain;club
19289;mbabane-swallows;Mbabane Swallows;176;Eswatini;club
24208;mbao;Mbao;182;Tanzania;club
22782;mb-rouisset;MB Rouisset;3;Algeria;club
22989;mberi-sportif;Mberi Sportif;71;Gabon;club
24200;mbeya-city;Mbeya City;182;Tanzania;club
17036;mbombela-united;Mbombela United;168;South Africa;club
6139;mc-alger;MC Alger;3;Algeria;club
6695;mc-el-eulma;MC El Eulma;3;Algeria;club
6144;mc-oran;MC Oran;3;Algeria;club
6134;mc-saida;MC Saida;3;Algeria;club
19532;maruyasu-okazaki;Maruyasu Okazaki;96;Japan;club
7804;meap;MEAP;51;Cyprus;club
19547;md-nagasaki;MD Nagasaki;96;Japan;club
13450;meaux-academy;Meaux Academy;69;France;club
1071;mechelen;Mechelen;20;Belgium;club
15983;mechelen-u21;Mechelen U-21;20;Belgium;club
18475;mechtersheim;Mechtersheim;74;Germany;club
18454;mecklenburg-schwerin;Mecklenburg Schwerin;74;Germany;club
17128;medeama-sc;Medeama SC;0;;club
19315;medenine;Medenine;187;Tunisia;club
24424;medgidia;Medgidia;151;Romania;club
17400;medimurec-pretetinec;Medimurec Pretetinec;49;Croatia;club
1929;medjimurje;Medjimurje;49;Croatia;club
15327;medkila-w;Medkila W;139;Norway;club
15343;medyk-konin-w;Medyk Konin W;147;Poland;club
18515;meerbusch;Meerbusch;74;Germany;club
25029;medzilaborce;Medzilaborce;164;Slovakia;club
21794;meiendorfer-sv;Meiendorfer SV;74;Germany;club
22155;meilen;Meilen;178;Switzerland;club
23569;meinerzhagen;Meinerzhagen;74;Germany;club
17008;meizhou-hakka;Meizhou Hakka;41;China;club
21510;meizhou-meixian-techand;Meizhou Meixian Techand;41;China;club
17185;melaka-utd;Melaka Utd;116;Malaysia;club
23046;melbo-il;Melbo IL;139;Norway;club
9261;melbourne-city;Melbourne City;12;Australia;club
18344;melbourne-city-u21;Melbourne City U-21;12;Australia;club
18539;melbourne-city-w;Melbourne City W;12;Australia;club
7480;melbourne-knights;Melbourne Knights;12;Australia;club
18864;melbourne-knights-u20;Melbourne Knights U-20;12;Australia;club
3059;melbourne-victory;Melbourne Victory;12;Australia;club
17018;melbourne-victory-u21;Melbourne Victory U-21;12;Australia;club
18543;melbourne-victory-w;Melbourne Victory W;12;Australia;club
18431;melchiorshausen;Melchiorshausen;74;Germany;club
2337;melgar;Melgar;146;Peru;club
14283;melfi;Melfi;94;Italy;club
21443;melhus;Melhus;139;Norway;club
24083;melilla-cd;Melilla CD;169;Spain;club
12197;melilla;Melilla;169;Spain;club
2305;melipilla;Melipilla;40;Chile;club
20338;melistar;Melistar;169;Spain;club
9479;memmingen;Memmingen;74;Germany;club
15906;mellerud;Mellerud;177;Sweden;club
18950;masfut;Masfut;193;United Arab Emirates;club
22857;memphis-901;Memphis 901;194;United States;club
23242;mendiola;Mendiola;222;Philippines;club
6286;mco-oujda;MCO Oujda;127;Morocco;club
17874;menfocsanak;Menfocsanak;86;Hungary;club
15724;mensajero;Mensajero;169;Spain;club
20703;menzel-bourgubia;Menzel Bourgubia;187;Tunisia;club
24282;mbarara-city;Mbarara City;191;Uganda;club
11493;merani;Merani;73;Georgia;club
24870;menzel-bouzelfa;Menzel Bouzelfa;187;Tunisia;club
18220;mercadal;Mercadal;169;Spain;club
24972;merani-martvili;Merani Martvili;73;Georgia;club
7976;menemen-belediyespor;Menemen Belediyespor;188;Turkey;club
10633;merelinense;Merelinense;148;Portugal;club
12652;merida;Merida;123;Mexico;club
16213;merelbeke;Merelbeke;20;Belgium;club
2400;merida-ud;Merida UD;169;Spain;club
15271;merilappi-united-w;Merilappi United W;68;Finland;club
24152;merreikh-el-fasher;Merreikh El Fasher;174;Sudan;club
18462;merseburg;Merseburg;74;Germany;club
14953;mashal2;Mashal-2;197;Uzbekistan;club
1624;mersin;Mersin;188;Turkey;club
17807;merstham;Merstham;60;England;club
17051;merrikh-sc;Merrikh SC;58;Egypt;club
20212;merten;Merten;74;Germany;club
23128;mertertwasserbillig;Mertert-Wasserbillig;112;Luxembourg;club
14494;merthyr-town;Merthyr Town;202;Wales;club
12920;melita;Melita;119;Malta;club
11506;meppen;Meppen;74;Germany;club
14511;mertskhali;Mertskhali;73;Georgia;club
23246;merw;Merw;189;Turkmenistan;club
6226;mes-kerman;Mes Kerman;90;Iran;club
22366;mes-shahre-babak;Mes Shahr-e Babak;90;Iran;club
18030;merthyr-t;Merthyr T;60;England;club
14951;mesaimeer-sc;Mesaimeer SC;150;Qatar;club
525;messina;Messina;94;Italy;club
21986;merida-ad;Merida AD;169;Spain;club
20674;mesta-tornala;Mesta Tornala;164;Slovakia;club
20201;mestre;Mestre;94;Italy;club
22397;meta;Meta;73;Georgia;club
16091;mersin-u21;Mersin U-21;188;Turkey;club
17149;metalleghebsi;Metalleghe-BSI;26;Bosnia and Herzegovina;club
1019;metallist;Metallist;192;Ukraine;club
12809;metallist-u21;Metallist U-21;192;Ukraine;club
15649;metallurg-asha;Metallurg Asha;152;Russia;club
7399;metallurg-bekobod;Metallurg Bekobod;197;Uzbekistan;club
1025;metallurg-d;Metallurg D.;192;Ukraine;club
1201;metallurg-l;Metallurg L.;152;Russia;club
6816;meshakhte;Meshakhte;73;Georgia;club
20189;metaloglobus;Metaloglobus;151;Romania;club
17838;metalosport-galati;Metalosport Galati;151;Romania;club
24423;metalul-buzau;Metalul Buzau;151;Romania;club
16273;metalul-resita;Metalul Resita;151;Romania;club
14150;metalurg-nk;Metalurg Nk;152;Russia;club
6589;metalurg-skopje;Metalurg Skopje;65;Rep. of Macedonia;club
12802;metalurg-v;Metalurg V;152;Russia;club
12811;metalurg-z-u21;Metalurg Z U-21;192;Ukraine;club
16439;metalurgistul-cugir;Metalurgistul Cugir;151;Romania;club
12975;meteor-p;Meteor P;52;Czech Republic;club
17614;meteor-praha-u19;Meteor Praha U-19;52;Czech Republic;club
13682;metlaoui;Metlaoui;187;Tunisia;club
18041;metropolitan-police;Metropolitan Police;60;England;club
13457;mes-rafsanjan;Mes Rafsanjan;90;Iran;club
14194;metropolitanos;Metropolitanos;199;Venezuela;club
7499;metrostars;MetroStars;12;Australia;club
21738;mettersdorf;Mettersdorf;13;Austria;club
172;metz;Metz;69;France;club
24591;metz-u19;Metz U-19;69;France;club
18535;metz-w;Metz W;69;France;club
-123;mexico;Mexico;123;Mexico;selection
17420;meux;Meux;20;Belgium;club
17131;mexico-u16;Mexico U-16;123;Mexico;selection
9014;metallurgoskol;Metallurg-Oskol;152;Russia;club
19214;mexico-u18;Mexico U-18;123;Mexico;selection
22696;mexico-u17-w;Mexico U-17 W;0;;club
4877;mexico-u19;Mexico U-19;123;Mexico;selection
7148;mervue-united;Mervue United;92;Ireland;club
11108;mexico-u20;Mexico U-20;123;Mexico;selection
9310;mexico-u20-w;Mexico U-20 W;0;;club
3877;mexico-u21;Mexico U-21;123;Mexico;selection
14943;mexico-u22;Mexico U-22;123;Mexico;selection
5877;mexico-u17;Mexico U-17;123;Mexico;selection
15412;mexico-univ-w;Mexico Univ W;123;Mexico;selection
15411;mexico-univ;Mexico Univ.;123;Mexico;selection
23302;mexico-u19-w;Mexico U-19 W;0;;club
11144;mexico-w;Mexico W;123;Mexico;selection
16626;mezohegyesi;Mezohegyesi;86;Hungary;club
7834;mezokovesd;Mezokovesd;86;Hungary;club
24347;mezzolara;Mezzolara;94;Italy;club
16852;mfk-nova-bana;MFK Nova Bana;164;Slovakia;club
703;mfk-petrzalka;MFK Petrzalka;164;Slovakia;club
18689;mfm-fc;MFM FC;137;Nigeria;club
24859;mhlume-peacemakers;Mhlume Peacemakers;176;Eswatini;club
20549;miad-moghan-ardabil;Miad Moghan Ardabil;90;Iran;club
24007;miajadas;Miajadas;169;Spain;club
9076;miami-fc-blues;Miami FC Blues;194;United States;club
1414;micheldorf;Micheldorf;13;Austria;club
17862;mickleover-sports;Mickleover Sports;60;England;club
23115;midas;Midas;87;Iceland;club
15143;middelfart;Middelfart;53;Denmark;club
234;middlesbrough;Middlesbrough;60;England;club
23932;middlesbrough-u18;Middlesbrough U-18;60;England;club
16969;middlesbrough-u19;Middlesbrough U-19;0;;club
22152;meyrin;Meyrin;178;Switzerland;club
17092;midleton-fc;Midleton FC;92;Ireland;club
299;midtjylland;Midtjylland;53;Denmark;club
16971;midtjylland-u19;Midtjylland U-19;0;;club
15150;midtjylland2;Midtjylland-2;53;Denmark;club
3399;miedz-legnica;Miedz Legnica;147;Poland;club
17238;miedz-legnica-u19;Miedz Legnica U-19;147;Poland;club
23502;miedz-legnica2;Miedz Legnica-2;147;Poland;club
23494;mieszko-gniezno;Mieszko Gniezno;147;Poland;club
23423;miercurea-ciuc;Miercurea Ciuc;151;Romania;club
23213;mighty-wanderers;Mighty Wanderers;115;Malawi;club
18762;miguelense;Miguelense;28;Brasil;club
20362;miguelturreno;Miguelturreno;169;Spain;club
308;mika;Mika;10;Armenia;club
12952;mika-ii;Mika II;10;Armenia;club
23353;mikashevichi;Mikashevichi;19;Belarus;club
7411;milmugan;Mil-Mugan;14;Azerbaijan;club
13754;milan-u19;Milan U-19;94;Italy;club
24834;milan-w;Milan W;94;Italy;club
23668;milenium;Milenium;164;Slovakia;club
21311;mildenhall-town;Mildenhall Town;60;England;club
24868;milling-hotspurs;Milling Hotspurs;176;Eswatini;club
2500;millonarios;Millonarios;43;Colombia;club
9082;milltown;Milltown;35;Canada;club
462;millwall;Millwall;60;England;club
16017;millwall-u23;Millwall U-23;60;England;club
15253;millwall-w;Millwall W;60;England;club
9387;milsami;Milsami;124;Moldova;club
17109;milton;Milton;35;Canada;club
1893;milton-keynes-dons;Milton Keynes Dons;60;England;club
13022;middlesbrough-u23;Middlesbrough U-23;60;England;club
14012;minas;Minas;28;Brasil;club
22942;minas-w;Minas W;28;Brasil;club
20398;minasoro;Minasoro;199;Venezuela;club
2503;mineros;Mineros;199;Venezuela;club
23313;mineros-sc;Mineros SC;57;Ecuador;club
12656;mineros-zacatecas;Mineros Zacatecas;123;Mexico;club
20351;minerva;Minerva;169;Spain;club
18014;minerva-punjab;Minerva Punjab;88;India;club
23550;ming-chuan-university;Ming Chuan University;42;Chinese Taipei;club
15677;minija;Minija;111;Lithuania;club
2827;minior-pernik;Minior Pernik;30;Bulgaria;club
7538;minnesota-thunder;Minnesota Thunder;0;;club
9077;minnesota-united;Minnesota United;194;United States;club
22491;minsk-u19;Minsk U-19;0;;club
15259;minsk-w;Minsk W;19;Belarus;club
7493;mio-biwako-kusatsu;Mio Biwako Kusatsu;96;Japan;club
11335;mioveni;Mioveni;151;Romania;club
8838;mipk;MiPK;68;Finland;club
2362;miramar;Miramar;195;Uruguay;club
12220;mirandela;Mirandela;148;Portugal;club
1763;mirandes;Mirandes;169;Spain;club
18174;mirandes2;Mirandes-2;169;Spain;club
7168;mirassol;Mirassol;28;Brasil;club
19306;mirbat-sc;Mirbat SC;140;Oman;club
24473;miscellaneous;Miscellaneous;27;Botswana;club
9276;misr-elmaqasha;Misr El-Maqasha;58;Egypt;club
22991;missile;Missile;71;Gabon;club
7498;mitchelton;Mitchelton;12;Australia;club
15344;mitech-zywiec-w;Mitech Zywiec W;147;Poland;club
6542;mito-hollyhock;Mito Hollyhock;96;Japan;club
15453;mitra-kukar;Mitra Kukar;89;Indonesia;club
20324;mitre-salta;Mitre Salta;9;Argentina;club
22030;mitrovica-w;Mitrovica W;0;;club
23395;mixco;Mixco;80;Guatemala;club
18802;mixto;Mixto;28;Brasil;club
19538;miyazaki-sangyo;Miyazaki Sangyo;96;Japan;club
986;mjallby;Mjallby;177;Sweden;club
13737;mjees;Mjees;140;Oman;club
7212;mjolner;Mjolner;139;Norway;club
7185;mjondalen;Mjondalen;139;Norway;club
23051;mjondalen-u19;Mjondalen U-19;139;Norway;club
23025;mjondalen2;Mjondalen-2;139;Norway;club
12574;metropolitano;Metropolitano;28;Brasil;club
7334;mks-kluczbork;MKS Kluczbork;147;Poland;club
14446;mladost-antin;Mladost Antin;49;Croatia;club
17641;mladost-backi-jarak;Mladost Backi Jarak;204;Serbia;club
15827;mladost-cd;Mladost CD;65;Rep. of Macedonia;club
24487;mladost-dg;Mladost DG;216;Montenegro;club
14587;mladost-doboj;Mladost Doboj;26;Bosnia and Herzegovina;club
16579;mladost-gacko;Mladost Gacko;26;Bosnia and Herzegovina;club
20658;mladost-kalsa;Mladost Kalsa;164;Slovakia;club
22386;mladost-kikaci;Mladost Kikaci;26;Bosnia and Herzegovina;club
2892;mke-kirikkalespor;MKE Kirikkalespor;188;Turkey;club
745;mladost-lucani;Mladost Lucani;204;Serbia;club
25013;mladost-petrinja;Mladost Petrinja;49;Croatia;club
13587;mladost-vo;Mladost V-O;26;Bosnia and Herzegovina;club
16550;mladost-podgorica;Mladost Podgorica;216;Montenegro;club
16590;mladost-zdralovi;Mladost Zdralovi;49;Croatia;club
23222;mlatho-mponela;Mlatho Mponela;115;Malawi;club
6658;mls-all-stars;MLS All Stars;0;;club
16177;mnk-izola;MNK Izola;165;Slovenia;club
1882;mo;Mo;139;Norway;club
13610;mo-bejaia;MO Bejaia;3;Algeria;club
23196;moca;Moca;56;Dominican Republic;club
24272;modafen;Modafen;188;Turkey;club
526;modena;Modena;94;Italy;club
16500;modena-u19;Modena U-19;94;Italy;club
7500;modbury-jets;Modbury Jets;12;Australia;club
1897;modrica;Modrica;26;Bosnia and Herzegovina;club
18932;mof;MOF;116;Malaysia;club
21452;moggill;Moggill;12;Australia;club
22367;moghavemat-tehran;Moghavemat Tehran;90;Iran;club
7172;mogi-mirim;Mogi Mirim;28;Brasil;club
22769;mohammadia;Mohammadia;3;Algeria;club
6253;mogren-budva;Mogren Budva;216;Montenegro;club
13787;mohammedan;Mohammedan;88;India;club
15563;mohammedan-dhaka;Mohammedan Dhaka;17;Bangladesh;club
6734;moik;MOIK;14;Azerbaijan;club
6498;mohun-bagan-ac;Mohun Bagan AC;88;India;club
21462;moknine;Moknine;187;Tunisia;club
19301;mokpo-city;Mokpo City;101;Korea Republic;club
16892;mokra-gora;Mokra Gora;204;Serbia;club
18742;mold-alexandra;Mold Alexandra;202;Wales;club
788;molde;Molde;139;Norway;club
13068;molde-u19;Molde U-19;0;;club
15640;molde2;Molde-2;139;Norway;club
-124;moldova;Moldova;124;Moldova;selection
14938;moldova-u16;Moldova U-16;124;Moldova;selection
5876;moldova-u17;Moldova U-17;124;Moldova;selection
15862;moldova-u17-w;Moldova U-17 W;124;Moldova;selection
15027;moldova-u18;Moldova U-18;124;Moldova;selection
19308;moldova-u18-w;Moldova U-18 W;124;Moldova;selection
4876;moldova-u19;Moldova U-19;124;Moldova;selection
21632;moldova-u20;Moldova U-20;0;;club
3876;moldova-u21;Moldova U-21;124;Moldova;selection
20560;moldova-u19-w;Moldova U-19 W;124;Moldova;selection
16556;moldova-w;Moldova W;124;Moldova;selection
24472;molepolole;Molepolole;27;Botswana;club
22819;molinos-el-pirata;Molinos El Pirata;146;Peru;club
19957;molodechno;Molodechno;19;Belarus;club
24262;molynes-united;Molynes United;95;Jamaica;club
171;monaco;Monaco;69;France;club
14317;monaco-u19;Monaco U-19;69;France;club
24897;monaco-u23;Monaco U-23;0;;club
3564;monagas-sc;Monagas SC;199;Venezuela;club
12675;monaco2;Monaco-2;69;France;club
19981;monarhs;Monarhs;105;Latvia;club
14826;monaro-panthers;Monaro Panthers;12;Australia;club
6342;monastir;Monastir;187;Tunisia;club
15709;monchengladbach-u19;Monchengladbach U-19;74;Germany;club
14101;mondorflesbains;Mondorf-les-Bains;112;Luxembourg;club
24861;moneni-pirates;Moneni Pirates;176;Eswatini;club
21314;moneyfields;Moneyfields;60;England;club
-125;mongolia;Mongolia;125;;selection
16048;mongolia-u16;Mongolia U-16;0;;club
4875;mongolia-u19;Mongolia U-19;0;;club
23200;mongolia-u19-w;Mongolia U-19 W;0;;club
20096;monheim;Monheim;74;Germany;club
18737;monmouth-town;Monmouth Town;202;Wales;club
16409;monopoli;Monopoli;94;Italy;club
21235;monori;Monori;86;Hungary;club
1087;mons;Mons;20;Belgium;club
18667;mons-calpe;Mons Calpe;225;Gibraltar;club
12434;montdemarsan;Mont-de-Marsan;69;France;club
22641;montalegre;Montalegre;148;Portugal;club
3278;montana;Montana;30;Bulgaria;club
14045;montanas-del-pas;Montanas Del Pas;169;Spain;club
18124;montanesa;Montanesa;169;Spain;club
2154;montceau;Montceau;69;France;club
23096;monte-carlo;Monte Carlo;113;Macao;club
24602;montceau-u19;Montceau U-19;69;France;club
25033;montebelluna;Montebelluna;94;Italy;club
17261;montecatini;Montecatini;94;Italy;club
3661;montedio-yamagata;Montedio Yamagata;96;Japan;club
24367;montegiorgio;Montegiorgio;94;Italy;club
9048;mitos-novocherkassk;MITOS Novocherkassk;152;Russia;club
15883;montego-bay-united;Montego Bay United;0;;club
15740;montelupo;Montelupo;0;;club
-216;montenegro;Montenegro;216;Montenegro;selection
14933;montenegro-u16;Montenegro U-16;216;Montenegro;selection
9808;montenegro-u17;Montenegro U-17;216;Montenegro;selection
20836;montenegro-u17-w;Montenegro U-17 W;216;Montenegro;selection
14422;montenegro-u18;Montenegro U-18;216;Montenegro;selection
19310;montenegro-u18-w;Montenegro U-18 W;216;Montenegro;selection
6892;montenegro-u19;Montenegro U-19;216;Montenegro;selection
20554;montenegro-u19-w;Montenegro U-19 W;216;Montenegro;selection
6441;montenegro-u21;Montenegro U-21;216;Montenegro;selection
7245;montenegro-u20;Montenegro U-20;0;;club
13775;montenegro-w;Montenegro W;216;Montenegro;selection
1686;monterrey;Monterrey;123;Mexico;club
23410;monterrey-w;Monterrey W;123;Mexico;club
24359;montevarchi-calcio;Montevarchi Calcio;94;Italy;club
13976;monticello;Monticello;69;France;club
18272;montijo;Montijo;169;Spain;club
22158;montlingen;Montlingen;178;Switzerland;club
177;montpellier;Montpellier;69;France;club
22504;montpellier-u19;Montpellier U-19;69;France;club
7931;montpellier-w;Montpellier W;69;France;club
23750;montpellier2;Montpellier-2;69;France;club
6754;montreal-impact;Montreal Impact;194;United States;club
852;montrose;Montrose;159;Scotland;club
12674;monts-or-azergues;Monts Or Azergues;69;France;club
-126;montserrat;Montserrat;0;;club
18331;mora;Mora;169;Spain;club
870;monza;Monza;94;Italy;club
21493;mora-fc;Mora FC;177;Sweden;club
18261;moralo;Moralo;169;Spain;club
23994;moratalaz;Moratalaz;169;Spain;club
14486;moravec-mrstane;Moravec Mrstane;204;Serbia;club
1499;mordovia;Mordovia;152;Russia;club
12831;mordoviad;Mordovia-D;152;Russia;club
805;morecambe;Morecambe;60;England;club
1124;moreirense;Moreirense;148;Portugal;club
23611;moreland;Moreland;12;Australia;club
1682;morelia;Morelia;123;Mexico;club
23411;morelia-w;Morelia W;123;Mexico;club
13522;moreton-bay-united;Moreton Bay United;12;Australia;club
18483;morlautern;Morlautern;74;Germany;club
18888;moreton-u20;Moreton U-20;12;Australia;club
7259;mornar;Mornar;216;Montenegro;club
-127;morocco;Morocco;127;Morocco;selection
14922;morocco-u16;Morocco U-16;127;Morocco;selection
5873;morocco-u17;Morocco U-17;127;Morocco;selection
18828;morocco-u18;Morocco U-18;127;Morocco;selection
4873;morocco-u19;Morocco U-19;127;Morocco;selection
7241;morocco-u20;Morocco U-20;127;Morocco;selection
3873;morocco-u21;Morocco U-21;127;Morocco;selection
12800;morocco-u23;Morocco U-23;127;Morocco;selection
22194;minai;Minai;192;Ukraine;club
16236;morocco-w;Morocco W;127;Morocco;selection
6330;moroka-swallows;Moroka Swallows;168;South Africa;club
19121;moron;Moron;177;Sweden;club
23746;morpeth-town;Morpeth Town;60;England;club
17812;mortagua;Mortagua;148;Portugal;club
24471;morupule;Morupule;27;Botswana;club
18687;morvant-caledonia;Morvant Caledonia;186;Trinidad and Tobago;club
14713;mos-3-rivieres;MOS 3 Rivieres;69;France;club
18085;mosconia;Mosconia;169;Spain;club
14028;moscow-u21;Moscow U-21;0;;club
24497;morocco-u20-w;Morocco U-20 W;0;;club
20100;mosp-bialystok-u19;MOSP Bialystok U-19;147;Poland;club
17230;mosonmagyarovar;Mosonmagyarovar;86;Hungary;club
789;moss;Moss;139;Norway;club
20878;mossen-w;Mossen W;177;Sweden;club
2050;most;Most;52;Czech Republic;club
11696;mosta;Mosta;119;Malta;club
16864;mosteirense;Mosteirense;148;Portugal;club
24430;mostistea-ulmu;Mostistea Ulmu;151;Romania;club
18150;mostoles;Mostoles;169;Spain;club
6194;motagua;Motagua;84;Honduras;club
15608;motala;Motala;177;Sweden;club
24329;motebelluna;Motebelluna;94;Italy;club
24039;motema-pembe;Motema Pembe;45;DR Congo;club
186;motherwell;Motherwell;159;Scotland;club
17285;motherwell-u20;Motherwell U-20;159;Scotland;club
2864;moto-clubema;Moto Clube/MA;28;Brasil;club
18757;moto-club-ma;Moto Club MA;28;Brasil;club
19241;mosjoen;Mosjoen;139;Norway;club
3463;motor-lublin;Motor Lublin;147;Poland;club
15963;motor-lublin-u19;Motor Lublin U-19;147;Poland;club
18185;motril;Motril;169;Spain;club
23724;motorlet-praha;Motorlet Praha;52;Czech Republic;club
2595;moulins;Moulins;69;France;club
16201;mouloudia-dakhla;Mouloudia Dakhla;127;Morocco;club
19316;morocco2;Morocco-2;127;Morocco;selection
7501;mount-gravatt;Mount Gravatt;12;Australia;club
12228;moura;Moura;148;Portugal;club
555;mouscron;Mouscron;20;Belgium;club
15991;mouscron-u21;Mouscron U-21;20;Belgium;club
22147;moutier;Moutier;178;Switzerland;club
23209;moyale-barracks;Moyale Barracks;115;Malawi;club
20464;moyola-park;Moyola Park;138;Northern Ireland;club
-128;mozambique;Mozambique;128;Mozambique;selection
23893;mozambique-u20-w;Mozambique U-20 W;0;;club
23902;mozambique-w;Mozambique W;0;;club
18051;mozzanica-w;Mozzanica W;94;Italy;club
14852;mp;MP;68;Finland;club
14915;mpsatletico-malmi;MPS/Atletico Malmi;68;Finland;club
18931;mpkbbri-ubes;MPKB-BRI U-Bes;116;Malaysia;club
6245;mqabba-fc;Mqabba FC;119;Malta;club
14463;mru;MRU;111;Lithuania;club
22793;msaken;Msaken;187;Tunisia;club
22838;mt-druitt-town;Mt Druitt Town;12;Australia;club
21428;mthatha-bucks;Mthatha Bucks;168;South Africa;club
24199;mtibwa-sugar;Mtibwa Sugar;182;Tanzania;club
24516;mtk-u19;MTK U-19;86;Hungary;club
561;mtk;MTK;86;Hungary;club
22031;mtk-w;MTK W;86;Hungary;club
24263;mount-pleasant-academy;Mount Pleasant Academy;95;Jamaica;club
23252;mufulira;Mufulira;206;Zambia;club
2886;muglaspor;Muglaspor;188;Turkey;club
25063;muhanga;Muhanga;153;Rwanda;club
7891;muharraq;Muharraq;16;Bahrain;club
15565;muktijoddha-skc;Muktijoddha SKC;17;Bangladesh;club
23461;mukura;Mukura;153;Rwanda;club
12792;mexico-u23;Mexico U-23;123;Mexico;selection
18251;muleno;Muleno;169;Spain;club
2128;mulhouse;Mulhouse;69;France;club
22647;mumbai-city;Mumbai City;88;India;club
1021;metallurg-z;Metallurg Z.;192;Ukraine;club
7886;mumbai-fc;Mumbai FC;88;India;club
8821;muang-thong-united;Muang Thong United;183;Thailand;club
3476;municipal-liberia;Municipal Liberia;47;Costa Rica;club
7434;municipal-limeno;Municipal Limeno;59;El Salvador;club
14629;munsingen;Munsingen;178;Switzerland;club
2322;munster;Munster;0;;club
15715;munster-u19;Munster U-19;74;Germany;club
3010;murata;Murata;156;San Marino;club
754;mura;Mura;165;Slovenia;club
24009;murchante;Murchante;169;Spain;club
24384;muravera;Muravera;94;Italy;club
505;murcia;Murcia;169;Spain;club
18257;murcia2;Murcia-2;169;Spain;club
15489;murcielagos;Murcielagos;123;Mexico;club
21980;murense;Murense;169;Spain;club
13445;muret;Muret;69;France;club
19788;muri;Muri;178;Switzerland;club
18759;murici;Murici;28;Brasil;club
18145;muro;Muro;169;Spain;club
22237;mus-menderesspor;Mus Menderesspor;188;Turkey;club
12752;muhoroni-youth;Muhoroni Youth;99;Kenya;club
25064;musanze;Musanze;153;Rwanda;club
6313;muscat;Muscat;140;Oman;club
22788;musfat-baniyas;Musfat Baniyas;179;Syria;club
14904;musa;MuSa;68;Finland;club
3406;municipal;Municipal;80;Guatemala;club
14030;mushuc-runa;Mushuc Runa;57;Ecuador;club
22241;mut-idmanyurdu;Mut Idmanyurdu;188;Turkey;club
17249;mutilvera;Mutilvera;169;Spain;club
952;mvv-maastricht;MVV Maastricht;132;Netherlands;club
16895;muttenz;Muttenz;178;Switzerland;club
24207;mwadui;Mwadui;182;Tanzania;club
-129;myanmar;Myanmar;129;Myanmar;selection
23815;myanmar-u16;Myanmar U-16;0;;club
4871;myanmar-u19;Myanmar U-19;0;;club
14919;myanmar-u20;Myanmar U-20;0;;club
3871;myanmar-u21;Myanmar U-21;0;;club
21345;myanmar-u23;Myanmar U-23;0;;club
19773;myanmar-u22;Myanmar U-22;0;;club
17114;myanmar-w;Myanmar W;0;;club
1175;mykolaiv;Mykolaiv;192;Ukraine;club
23707;mykolaiv2;Mykolaiv-2;192;Ukraine;club
15589;myllypuro;Myllypuro;68;Finland;club
352;mypa;MyPa;68;Finland;club
23276;mushowani-stars;Mushowani Stars;207;Zimbabwe;club
22910;myran-w;Myran W;68;Finland;club
17304;myresjo-if;Myresjo IF;177;Sweden;club
23219;mzuni;Mzuni;115;Malawi;club
22382;mosevac;Mosevac;26;Bosnia and Herzegovina;club
13821;myr;Myr;192;Ukraine;club
20466;musspor;Musspor;188;Turkey;club
24445;municipal-brasov;Municipal Brasov;151;Romania;club
