15164;saar-saarbrucken;Saar Saarbrucken;74;Germany;club
19154;s-sudan;S. Sudan;0;;club
480;saarbrucken;Saarbrucken;74;Germany;club
6214;saba-qom;Saba Qom;90;Iran;club
1766;sabadell;Sabadell;169;Spain;club
18135;sabadell2;Sabadell-2;169;Spain;club
11102;sabah;Sabah;116;Malaysia;club
21014;sabah-fk;Sabah FK;14;Azerbaijan;club
24114;sabah2;Sabah-2;14;Azerbaijan;club
18840;sabail;Sabail;14;Azerbaijan;club
24116;sabail2;Sabail-2;14;Azerbaijan;club
24243;sabana-mopti;Sabana Mopti;118;Mali;club
18311;sabinanigo;Sabinanigo;169;Spain;club
15828;saburtalo;Saburtalo;73;Georgia;club
20635;saburtalo-u19;Saburtalo U-19;0;;club
20520;sacachispas;Sacachispas;9;Argentina;club
12038;sachkhere;Sachkhere;73;Georgia;club
19353;sacramento-republic;Sacramento Republic;194;United States;club
23872;saeby-if-skjold;Saeby IF Skjold;53;Denmark;club
16378;saeddingguldager;Saedding-Guldager;53;Denmark;club
6265;safa-beirut;Safa Beirut;106;Lebanon;club
18947;sagadam;Sagadam;189;Turkmenistan;club
23224;sagaing;Sagaing;129;Myanmar;club
6543;sagan-tosu;Sagan Tosu;96;Japan;club
13159;sageata-navodari;Sageata Navodari;151;Romania;club
14764;sagrada-esperanca;Sagrada Esperanca;6;Angola;club
17252;saguntino;Saguntino;169;Spain;club
16403;sahab;Sahab;97;Jordan;club
8123;saham;Saham;140;Oman;club
19338;saif-sc;Saif SC;17;Bangladesh;club
8692;saigon;Saigon;200;Vietnam;club
24044;saint-eloi-lupopo;Saint Eloi Lupopo;45;DR Congo;club
2599;saint-lo;Saint Lo;69;France;club
15708;saarbrucken-u19;Saarbrucken U-19;74;Germany;club
-154;saint-lucia;Saint Lucia;154;;selection
-209;saint-martin;Saint Martin;0;;club
8352;saint-quentin;Saint Quentin;69;France;club
13428;saintamand;Saint-Amand;69;France;club
21395;saintbrieuc;Saint-Brieuc;69;France;club
719;saintetienne;Saint-Etienne;69;France;club
6382;saint-omer;Saint Omer;69;France;club
24618;saintetienne-u19;Saint-Etienne U-19;69;France;club
15785;saintetienne-w;Saint-Etienne W;69;France;club
13446;saintjean;Saint-Jean;69;France;club
12676;saintetienne2;Saint-Etienne-2;69;France;club
14710;saintlouisienne;Saint-Louisienne;69;France;club
13432;saintlouis-neuweg;Saint-Louis Neuweg;69;France;club
18908;saintlouisienne-fc;Saint-Louisienne FC;0;;club
13451;saintmalo;Saint-Malo;69;France;club
6982;saintpriest;Saint-Priest;69;France;club
20069;sainte-genevieve;Sainte Genevieve;69;France;club
13969;saintemarienne;Sainte-Marienne;69;France;club
6225;saipa;Saipa;90;Iran;club
14461;sajobabony-vegyesz;Sajobabony Vegyesz;86;Hungary;club
7686;sak-klagenfurt;SAK Klagenfurt;13;Austria;club
12593;salalah;Salalah;140;Oman;club
1630;sakaryaspor;Sakaryaspor;188;Turkey;club
7055;salam-zgharta;Salam Zgharta;106;Lebanon;club
512;salamanca;Salamanca;169;Spain;club
23997;salamanca2;Salamanca-2;169;Spain;club
22787;salamiyah;Salamiyah;179;Syria;club
19248;salangen;Salangen;139;Norway;club
15669;salaspils;Salaspils;105;Latvia;club
531;salernitana;Salernitana;94;Italy;club
16517;salernitana-u19;Salernitana U-19;94;Italy;club
15647;salford-city;Salford City;60;England;club
15670;saldus;Saldus;105;Latvia;club
7885;salgaocar;Salgaocar;88;India;club
14498;salgotarjani-btc;Salgotarjan;86;Hungary;club
21258;salgotarjani-btc-2;Salgotarjani BTC;86;Hungary;club
11065;salgueiro;Salgueiro;28;Brasil;club
262;salgueiros;Salgueiros;148;Portugal;club
22785;salitas;Salitas;208;Afghanistan;club
1799;salisbury;Salisbury;60;England;club
24740;salkova;Salkova;164;Slovakia;club
20382;salmantino;Salmantino;169;Spain;club
15173;salmrohr;Salmrohr;74;Germany;club
17240;salos-szczecin-u19;Salos Szczecin U-19;147;Poland;club
15594;salpa;SalPa;68;Finland;club
542;salzburg;Salzburg;13;Austria;club
2979;salyut;Salyut;152;Russia;club
16970;salzburg-u19;Salzburg U-19;0;;club
16446;sama-al-sarhan;Sama Al Sarhan;97;Jordan;club
20333;samano;Samano;169;Spain;club
1667;sambenedettese;Sambenedettese;94;Italy;club
14509;samgurali;Samgurali;73;Georgia;club
24349;sammaurese;Sammaurese;94;Italy;club
-155;samoa;Samoa;155;;selection
17399;samobor;Samobor;49;Croatia;club
15650;samorin;Samorin;164;Slovakia;club
14051;sampaio-correa;Sampaio Correa;28;Brasil;club
532;sampdoria;Sampdoria;94;Italy;club
391;samsunspor;Samsunspor;188;Turkey;club
20295;sampion-celje;Sampion Celje;165;Slovenia;club
16503;sampdoria-u19;Sampdoria U-19;94;Italy;club
8920;samut-prakan;Samut Prakan;183;Thailand;club
7343;samtredia;Samtredia;73;Georgia;club
20176;samut-sakhon;Samut Sakhon;183;Thailand;club
20376;san-agustin-de-guadalix;San Agustin de Guadalix;169;Spain;club
8923;samut-songkhram;Samut Songkhram;183;Thailand;club
23289;san-antonio-fc;San Antonio FC;194;United States;club
12742;san-antonio-scorpions;San Antonio Scorpions;194;United States;club
3472;san-carlos;San Carlos;47;Costa Rica;club
21951;san-claudio;San Claudio;169;Spain;club
23197;san-cristobal-fc;San Cristobal FC;56;Dominican Republic;club
21961;san-cristobal;San Cristobal;169;Spain;club
24361;san-donato-tavarnelle;San Donato Tavarnelle;94;Italy;club
18163;san-fernardo-de-henares;San Fernardo de Henares;169;Spain;club
12946;san-fernando;San Fernando;169;Spain;club
19019;san-francisco-deltas;San Francisco Deltas;194;United States;club
6757;san-francisco-fc;San Francisco FC;143;Panama;club
24854;san-giovanni;San Giovanni;156;San Marino;club
21958;san-ignacio;San Ignacio;169;Spain;club
3567;san-jose;San Jose;25;Bolivia;club
18169;san-jose-de-soria;San Jose de Soria;169;Spain;club
6150;san-jose-oruro;San Jose Oruro;25;Bolivia;club
1035;san-jose-earthquakes;San Jose Earthquakes;194;United States;club
18278;san-juan;San Juan;169;Spain;club
21996;san-juan-de-mozarrifar;San Juan de Mozarrifar;169;Spain;club
7419;san-juan-jabloteh;San Juan Jabloteh;186;Trinidad and Tobago;club
420;san-lorenzo;San Lorenzo;9;Argentina;club
21997;san-lorenzo-ud;San Lorenzo UD;169;Spain;club
24033;san-luigi;San Luigi;94;Italy;club
8666;san-luis-de-quillota;San Luis de Quillota;40;Chile;club
18303;san-marcial;San Marcial;169;Spain;club
13488;san-marcos;San Marcos;40;Chile;club
2383;san-marino-calcio;San Marino Calcio;94;Italy;club
-156;san-marino;San Marino;156;San Marino;selection
5844;san-marino-u17;San Marino U-17;0;;club
4844;san-marino-u19;San Marino U-19;0;;club
3844;san-marino-u21;San Marino U-21;0;;club
3479;san-martin;San Martin;9;Argentina;club
23807;san-martin-burzaco;San Martin Burzaco;9;Argentina;club
20567;san-gwann;San Gwann;119;Malta;club
24633;san-martin-formosa;San Martin Formosa;9;Argentina;club
6633;san-martin-sj;San Martin SJ;9;Argentina;club
21255;san-martin-tucuman;San Martin Tucuman;9;Argentina;club
24372;san-nicolo;San Nicolo;94;Italy;club
20521;san-miguel;San Miguel;9;Argentina;club
18215;san-rafael;San Rafael;169;Spain;club
18210;san-roque-de-cadiz;San Roque de Cadiz;169;Spain;club
7564;san-roque-de-lepe;San Roque De Lepe;169;Spain;club
6411;san-simon;San Simon;146;Peru;club
16962;san-telmo;San Telmo;9;Argentina;club
24413;san-tommaso;San Tommaso;94;Italy;club
24070;sanpedro;San-Pedro;48;Cote dIvoire;club
6227;sanat-naft;Sanat Naft;90;Iran;club
6014;sanatatea-cluj;Sanatatea Cluj;151;Romania;club
9546;sancaktepe-belediye;Sancaktepe Belediye;188;Turkey;club
18351;sand;Sand;74;Germany;club
7336;sandecja-nowy-sacz;Sandecja Nowy Sacz;147;Poland;club
973;sandefjord;Sandefjord;139;Norway;club
20206;sandhausen-u19;Sandhausen U-19;74;Germany;club
3074;sandhausen;Sandhausen;74;Germany;club
20331;san-martin-ei;San Martin EI;169;Spain;club
18418;sandhausen2;Sandhausen-2;74;Germany;club
6446;sandnes-ulf;Sandnes Ulf;139;Norway;club
23333;sandnes-ulf-u19;Sandnes Ulf U-19;139;Norway;club
15909;sandviken;Sandviken;177;Sweden;club
15326;sandviken-w;Sandviken W;139;Norway;club
1869;sanfrecce-hiroshima;Sanfrecce Hiroshima;96;Japan;club
22846;sandviks;Sandviks;177;Sweden;club
24045;sanga-balende;Sanga Balende;45;DR Congo;club
2388;sangiovannese;Sangiovannese;94;Italy;club
24373;sangiustese;Sangiustese;94;Italy;club
10854;sangju-sangmu;Sangju Sangmu;101;Korea Republic;club
1805;sanjoanense;Sanjoanense;148;Portugal;club
3655;sanliurfa-belediyespor;Sanliurfa Belediyespor;188;Turkey;club
3642;sanliurfaspor;Sanliurfaspor;188;Turkey;club
16992;sanna-khanh-hoa;Sanna Khanh Hoa;200;Vietnam;club
24463;sanmartin;Sanmartin;151;Romania;club
23826;sanremese;Sanremese;94;Italy;club
21928;sanremo;Sanremo;94;Italy;club
17084;sansinena;Sansinena;9;Argentina;club
7433;sant-andreu;Sant Andreu;169;Spain;club
18262;santa-amalia;Santa Amalia;169;Spain;club
18155;santa-ana;Santa Ana;169;Spain;club
18221;santa-catalina;Santa Catalina;169;Spain;club
256;santa-clara;Santa Clara;148;Portugal;club
15377;santa-clarita-w;Santa Clarita W;194;United States;club
346;santa-coloma;Santa Coloma;5;Andorra;club
15603;santa-claus;Santa Claus;68;Finland;club
445;santa-cruz;Santa Cruz;28;Brasil;club
18588;santa-cruz-natal;Santa Cruz Natal;28;Brasil;club
12514;santa-cruz-rs;Santa Cruz RS;28;Brasil;club
14690;santa-eulalia;Santa Eulalia;148;Portugal;club
6402;santa-fe-bogota;Santa Fe Bogota;43;Colombia;club
18724;santa-gema;Santa Gema;143;Panama;club
17813;santa-iria;Santa Iria;148;Portugal;club
21819;santa-lucia;Santa Lucia;119;Malta;club
23396;santa-lucia-fc;Santa Lucia FC;80;Guatemala;club
18752;santa-quiteria;Santa Quiteria;28;Brasil;club
12223;santa-maria;Santa Maria;148;Portugal;club
18763;santa-rita;Santa Rita;28;Brasil;club
19330;santa-rita-fc;Santa Rita FC;6;Angola;club
23430;santa-rosa;Santa Rosa;146;Peru;club
12824;santa-tecla;Santa Tecla;59;El Salvador;club
15846;santa-teresa-w;Santa Teresa W;169;Spain;club
18241;santa-ursula;Santa Ursula;169;Spain;club
9087;santamarina;Santamarina;9;Argentina;club
18217;santanyi;Santanyi;169;Spain;club
14277;santarcangelo;Santarcangelo;94;Italy;club
20336;santboia;Santboia;169;Spain;club
18129;santfeliuenc;Santfeliuenc;169;Spain;club
2316;santiago-wanderers;Santiago Wanderers;40;Chile;club
2633;santiago-morning;Santiago Morning;40;Chile;club
1880;santo-andre;Santo Andre;28;Brasil;club
24887;santoba;Santoba;0;;club
446;santos;Santos;28;Brasil;club
6334;santos-cape-town;Santos Cape Town;168;South Africa;club
3478;santos-dg;Santos Dg;47;Costa Rica;club
23426;santos-fc;Santos FC;146;Peru;club
1027;santos-laguna;Santos Laguna;123;Mexico;club
17066;santos-macapa;Santos Macapa;28;Brasil;club
23417;santos-laguna-w;Santos Laguna W;123;Mexico;club
14069;santos-tartu;Santos Tartu;63;Estonia;club
15974;santos-u20;Santos U-20;28;Brasil;club
22933;santos-w;Santos W;28;Brasil;club
21962;sants;Sants;169;Spain;club
18110;santurtzi;Santurtzi;169;Spain;club
18119;santutxu;Santutxu;169;Spain;club
13463;sao-benedito;Sao Benedito;28;Brasil;club
14726;sao-bento;Sao Bento;28;Brasil;club
10629;sao-bernardo;Sao Bernardo;28;Brasil;club
18800;sao-francisco-pa;Sao Francisco PA;28;Brasil;club
447;sao-caetano;Sao Caetano;28;Brasil;club
11734;sandiklispor;Sandiklispor;188;Turkey;club
22943;sao-francisco-w;Sao Francisco W;28;Brasil;club
18753;sao-jose-ma;Sao Jose MA;28;Brasil;club
22938;sao-jose-w;Sao Jose W;28;Brasil;club
12518;sao-luiz;Sao Luiz;28;Brasil;club
21195;sao-martinho;Sao Martinho;148;Portugal;club
18792;sao-mateus;Sao Mateus;28;Brasil;club
448;sao-paulo;Sao Paulo;28;Brasil;club
23374;sao-paulo-u20;Sao Paulo U-20;28;Brasil;club
14011;sao-paulo-rs;Sao Paulo RS;28;Brasil;club
18798;sao-raimundo;Sao Raimundo;28;Brasil;club
22926;sao-raimundo-rr;Sao Raimundo RR;28;Brasil;club
-157;sao-tome;Sao Tome;157;;selection
14903;sapa;SaPa;68;Finland;club
14662;sapovnela;Sapovnela;73;Georgia;club
14872;saraburi;Saraburi;183;Thailand;club
319;sarajevo;Sarajevo;26;Bosnia and Herzegovina;club
23614;sarasota-metropolis;Sarasota Metropolis;0;;club
12567;sarawak;Sarawak;116;Malaysia;club
17616;sarayonu-belediyespor;Sarayonu Belediyespor;188;Turkey;club
22338;sardar-bukan;Sardar Bukan;90;Iran;club
22236;sarikamis-genclerbirligi;Sarikamis Genclerbirligi;188;Turkey;club
23673;sarisske-michalany;Sarisske Michalany;164;Slovakia;club
13666;sarinena;Sarinena;169;Spain;club
2115;sariyer;Sariyer;188;Turkey;club
9088;sarmiento;Sarmiento;9;Argentina;club
22505;sarmiento-resistencia;Sarmiento Resistencia;9;Argentina;club
12888;sarnese;Sarnese;0;;club
2035;sarpsborg;Sarpsborg;139;Norway;club
23020;sarpsborg2;Sarpsborg-2;139;Norway;club
12672;sarreunion;Sarre-Union;69;France;club
14703;sarreguemines;Sarreguemines;69;France;club
738;sartid;Sartid;0;;club
16844;sarurspor-fk;Sarurspor FK;14;Azerbaijan;club
22665;sarvari;Sarvari;86;Hungary;club
24268;sasa;Sasa;65;Rep. of Macedonia;club
856;sassari-torres;Sassari Torres;94;Italy;club
20077;sasel;Sasel;74;Germany;club
24350;sasso-marconi;Sasso Marconi;94;Italy;club
3051;sassuolo;Sassuolo;94;Italy;club
16504;sassuolo-u19;Sassuolo U-19;94;Italy;club
24837;sassuolo-w;Sassuolo W;94;Italy;club
13170;satu-mare;Satu Mare;0;;club
99;saturn;Saturn;152;Russia;club
-158;saudi-arabia;Saudi Arabia;158;Saudi Arabia;selection
24918;saudi-arabia-u16;Saudi Arabia U-16;0;;club
23019;saudi-arabia-u18;Saudi Arabia U-18;0;;club
4842;saudi-arabia-u19;Saudi Arabia U-19;158;Saudi Arabia;selection
11363;saudi-arabia-u20;Saudi Arabia U-20;158;Saudi Arabia;selection
3842;saudi-arabia-u21;Saudi Arabia U-21;0;;club
16871;saudi-arabia-u23;Saudi Arabia U-23;158;Saudi Arabia;selection
14583;saue-jk;Saue JK;63;Estonia;club
23154;saurimo;Saurimo;6;Angola;club
24351;savignanese;Savignanese;94;Italy;club
19135;savedalen;Savedalen;177;Sweden;club
13659;savoia;Savoia;94;Italy;club
13655;savona;Savona;94;Italy;club
12372;saxan;Saxan;124;Moldova;club
21461;sbikha;Sbikha;187;Tunisia;club
17269;sc-caronnese;SC Caronnese;94;Italy;club
9395;sc-farense;SC Farense;148;Portugal;club
16255;sc-feyenoord;SC Feyenoord;132;Netherlands;club
21711;sc-lahr;SC Lahr;0;;club
15220;sc-retz;SC Retz;0;;club
14928;sc-scarborough;SC Scarborough;35;Canada;club
15280;sc-sand-w;SC Sand W;74;Germany;club
21855;sc-velbert;SC Velbert;74;Germany;club
24285;sc-villa;SC Villa;191;Uganda;club
6809;sc-weiz;SC Weiz;0;;club
17000;sc-wolves;SC Wolves;68;Finland;club
24362;scandicci;Scandicci;94;Italy;club
24316;scanzorosciate;Scanzorosciate;94;Italy;club
21217;scarborough-athletic;Scarborough Athletic;60;England;club
17345;schaesberg;Schaesberg;132;Netherlands;club
1068;schaffhausen;Schaffhausen;178;Switzerland;club
144;schalke;Schalke;74;Germany;club
13593;schaldingheining;Schalding-Heining;74;Germany;club
13749;schalke-u19;Schalke U-19;74;Germany;club
2482;schalke2;Schalke-2;74;Germany;club
21740;scheiblingkirchen;Scheiblingkirchen;13;Austria;club
21814;schermbeck;Schermbeck;74;Germany;club
13126;scheveningen;Scheveningen;132;Netherlands;club
15169;schilksee;Schilksee;74;Germany;club
1430;schiltigheim;Schiltigheim;69;France;club
1947;schonberg;Schonberg;74;Germany;club
18503;schonnebeck;Schonnebeck;74;Germany;club
18474;schott-mainz;Schott Mainz;74;Germany;club
13652;schott-jena;Schott Jena;74;Germany;club
14631;schotz;Schotz;178;Switzerland;club
19987;schutterwald;Schutterwald;0;;club
20019;schwaben-augsburg;Schwaben Augsburg;74;Germany;club
18359;schwabmunchen;Schwabmunchen;74;Germany;club
18425;schwachhausen;Schwachhausen;74;Germany;club
23445;schwalbe-tundern;Schwalbe Tundern;74;Germany;club
12877;schwarzweiss-rehden;Schwarz-Weiss Rehden;74;Germany;club
20010;schwarzach;Schwarzach;13;Austria;club
15094;schwaz;Schwaz;13;Austria;club
13122;schwechat;Schwechat;13;Austria;club
488;schweinfurt;Schweinfurt;74;Germany;club
15653;sleague-all-star;S-League All Star;0;;club
22646;sacavenense;Sacavenense;148;Portugal;club
21227;scolar-resita;Scolar Resita;151;Romania;club
24464;scm-zalau;SCM Zalau;151;Romania;club
-159;scotland;Scotland;159;Scotland;selection
14654;scotland-u16;Scotland U-16;159;Scotland;selection
5841;scotland-u17;Scotland U-17;159;Scotland;selection
18831;scotland-u17-w;Scotland U-17 W;159;Scotland;selection
14592;scotland-u18;Scotland U-18;159;Scotland;selection
4841;scotland-u19;Scotland U-19;159;Scotland;selection
19015;scotland-u19-w;Scotland U-19 W;159;Scotland;selection
19313;scotland-u20;Scotland U-20;159;Scotland;selection
3841;scotland-u21;Scotland U-21;159;Scotland;selection
617;scunthorpe-united;Scunthorpe United;60;England;club
3298;scotland-w;Scotland W;159;Scotland;selection
24298;scunthorpe-united-u23;Scunthorpe United U-23;60;England;club
18727;sd-atletico-nacional;SD Atletico Nacional;143;Panama;club
18310;sd-ejea;SD Ejea;169;Spain;club
2403;sd-logrones;SD Logrones;169;Spain;club
21957;sd-san-pedro;SD San Pedro;169;Spain;club
7719;sdc-putten;SDC Putten;132;Netherlands;club
25018;sdo;SDO;132;Netherlands;club
15551;seattle-reign-w;Seattle Reign W;194;United States;club
6604;seattle-sounders;Seattle Sounders;194;United States;club
24466;security-systems;Security Systems;27;Botswana;club
15374;seattle-sounders-w;Seattle Sounders W;194;United States;club
165;sedan;Sedan;69;France;club
15095;seekirchen;Seekirchen;13;Austria;club
2822;segesta;Segesta;49;Croatia;club
18149;segorbe;Segorbe;169;Spain;club
2619;sekerspor;Sekerspor;188;Turkey;club
7332;sektzia-nes-tziona;Sektzia Nes Tziona;93;Israel;club
22811;sel-canarias-u18;Sel. Canarias U-18;0;;club
15870;selanger;Selanger;177;Sweden;club
7135;selangor-fc;Selangor FC;116;Malaysia;club
22801;selangor-united;Selangor United;116;Malaysia;club
18101;selaya;Selaya;169;Spain;club
7250;selfoss;Selfoss;87;Iceland;club
3460;seligenporten;Seligenporten;74;Germany;club
20015;schweinfurt2;Schweinfurt-2;74;Germany;club
18375;seligenstadt;Seligenstadt;74;Germany;club
2463;selkirk;Selkirk;159;Scotland;club
15456;semen-padang;Semen Padang;89;Indonesia;club
14485;semendrija-1924;Semendrija 1924;204;Serbia;club
12254;sencur;Sencur;165;Slovenia;club
23433;sendai-university;Sendai University;96;Japan;club
799;senec;Senec;164;Slovakia;club
-160;senegal;Senegal;160;;selection
5840;senegal-u17;Senegal U-17;0;;club
14876;senegal-u20;Senegal U-20;0;;club
21450;senegal-w;Senegal W;0;;club
17080;senglea-athletic;Senglea Athletic;119;Malta;club
135;senica;Senica;164;Slovakia;club
15643;senja;Senja;139;Norway;club
21381;senlis;Senlis;69;France;club
21238;senyo-carnifex;Senyo Carnifex;86;Hungary;club
2284;seongnam;Seongnam;101;Korea Republic;club
15309;seoul-amazones-w;Seoul Amazones W;101;Korea Republic;club
19011;seoul-eland;Seoul E-Land;101;Korea Republic;club
17334;sepidrood-rasht;Sepidrood Rasht;90;Iran;club
17314;sepsi;Sepsi;151;Romania;club
8075;septemvri-sofia;Septemvri Sofia;30;Bulgaria;club
22495;septemvri-sofia-u19;Septemvri Sofia U-19;0;;club
15651;seraing;Seraing;20;Belgium;club
24301;seravezza;Seravezza;94;Italy;club
-204;serbia;Serbia;204;Serbia;selection
14554;serbia-u16;Serbia U-16;204;Serbia;selection
5796;serbia-u17;Serbia U-17;204;Serbia;selection
19044;serbia-u17-w;Serbia U-17 W;204;Serbia;selection
14548;serbia-u18;Serbia U-18;204;Serbia;selection
4796;serbia-u19;Serbia U-19;204;Serbia;selection
19178;serbia-u19-w;Serbia U-19 W;204;Serbia;selection
14909;serbia-u20;Serbia U-20;204;Serbia;selection
22609;serbia-u23;Serbia U-23;0;;club
13767;serbia-w;Serbia W;204;Serbia;selection
7373;serbian-white-eagles;Serbian White Eagles;35;Canada;club
13112;sered;Sered;164;Slovakia;club
17262;seregno;Seregno;94;Italy;club
14162;seresien;Seresien;20;Belgium;club
18584;sergipe;Sergipe;28;Brasil;club
22235;serhat-ardahanspor;Serhat Ardahanspor;188;Turkey;club
19058;serie-d-u19;Serie D U-19;0;;club
21903;serik-belediyespor;Serik Belediyespor;188;Turkey;club
19984;serooskerke;Serooskerke;0;;club
21369;serra;Serra;28;Brasil;club
12553;serra-talhada;Serra Talhada;28;Brasil;club
12538;serrano-ba;Serrano BA;28;Brasil;club
3631;sepahan;Sepahan;90;Iran;club
6886;sertanense;Sertanense;148;Portugal;club
18592;serrano-pb;Serrano PB;28;Brasil;club
8673;sertaozinho;Sertaozinho;28;Brasil;club
20341;serverense;Serverense;169;Spain;club
373;servette;Servette;178;Switzerland;club
21830;servette-chenois-w;Servette Chenois W;178;Switzerland;club
12178;sestao;Sestao;169;Spain;club
3623;sesvete;Sesvete;49;Croatia;club
15875;sestri-levante;Sestri Levante;94;Italy;club
2264;sete;Sete;69;France;club
18760;sete-de-setembro;Sete de Setembro;28;Brasil;club
248;setubal;Setubal;148;Portugal;club
23838;setubal-u23;Setubal U-23;148;Portugal;club
17586;seuzach;Seuzach;178;Switzerland;club
21890;sevan;Sevan;10;Armenia;club
3295;sevastopol;Sevastopol;192;Ukraine;club
13621;sevastopold;Sevastopol-D;192;Ukraine;club
8998;sever-murmansk;Sever Murmansk;152;Russia;club
16543;sevilla-u19;Sevilla U-19;0;;club
269;sevilla;Sevilla;169;Spain;club
20524;sevilla-w;Sevilla W;169;Spain;club
3497;sevilla2;Sevilla-2;169;Spain;club
18198;sevilla3;Sevilla-3;169;Spain;club
13577;sewe;Sewe;0;;club
20768;sevlievo;Sevlievo;30;Bulgaria;club
-161;seychelles;Seychelles;161;;selection
18510;sf-baumberg;SF Baumberg;74;Germany;club
23027;sf-grei;SF Grei;139;Norway;club
23571;sf-niederwenigern;SF Niederwenigern;74;Germany;club
20700;sfax-railways;Sfax Railways;187;Tunisia;club
6343;sfaxien;Sfaxien;187;Tunisia;club
23868;sfboure;SfB-Oure;53;Denmark;club
16021;sfk-2000-w;SFK 2000 W;0;;club
7269;sfintul-gheorghe;Sfintul Gheorghe;124;Moldova;club
21804;sfl-bremerhaven;SFL Bremerhaven;74;Germany;club
7591;sfm-senec;SFM Senec;164;Slovakia;club
21763;sgissk;SGI-SSK;53;Denmark;club
20093;sgv-freiberg;SGV Freiberg;74;Germany;club
22888;shaanxi-changan;Shaanxi Changan;41;China;club
24993;shabab-al-amari;Shabab Al Amari;142;Palestine;club
6082;shabab-al-ahli-dubai;Shabab Al Ahli Dubai;193;United Arab Emirates;club
16979;shabab-al-dhahiriya;Shabab Al Dhahiriya;0;;club
22359;shabab-al-ghazieh;Shabab Al Ghazieh;106;Lebanon;club
18847;shabab-al-khaleel;Shabab Al Khaleel;142;Palestine;club
6233;shabab-alordon;Shabab Alordon;97;Jordan;club
24994;shabab-alsamu;Shabab Alsamu;142;Palestine;club
6271;shabab-sahel-beirut;Shabab Sahel Beirut;106;Lebanon;club
24941;shabab-el-bourj;Shabab El Bourj;106;Lebanon;club
7965;shahdagh-gusar;Shahdagh Gusar;14;Azerbaijan;club
18771;shaheen-asmayee;Shaheen Asmayee;0;;club
7368;shahin-bushehr;Shahin Bushehr;90;Iran;club
16109;shahrdari-ardabil;Shahrdari Ardabil;90;Iran;club
20209;shahrdari-mahshahr;Shahrdari Mahshahr;90;Iran;club
20547;shahre-baran;Shahre Baran;90;Iran;club
9384;shahrdari-tabriz;Shahrdari Tabriz;90;Iran;club
21481;shahzan-muda;Shahzan Muda;116;Malaysia;club
128;shakhtar-d;Shakhtar D;192;Ukraine;club
13741;shakhtar-d-u19;Shakhtar D U-19;0;;club
12812;shakhtar-u21;Shakhtar U-21;192;Ukraine;club
3003;shakhter-karaganda;Shakhter Karaganda;98;Kazakhstan;club
350;shakhtyor-soligorsk;Shakhtyor Soligorsk;19;Belarus;club
20633;shakhtyor-soligorsk-u19;Shakhtyor Soligorsk U-19;0;;club
14195;shaktyorvolga;Shaktyor-Volga;152;Russia;club
12558;sham-shui-po;Sham Shui Po;85;Hong Kong;club
573;shamrock;Shamrock;92;Ireland;club
16843;shamkir-fk;Shamkir FK;14;Azerbaijan;club
14047;shamrock-ii;Shamrock II;92;Ireland;club
21440;shan-united;Shan United;129;Myanmar;club
2532;shandong-luneng;Shandong Luneng;41;China;club
19274;shanghai-jiading;Shanghai Jiading;41;China;club
2536;shanghai-liancheng-zobon;Shanghai Liancheng Zobon;41;China;club
2534;shanghai-shenhua;Shanghai Shenhua;41;China;club
8873;shanghai-shenxin;Shanghai Shenxin;41;China;club
14043;shanghai-sipg;Shanghai SIPG;41;China;club
19276;shanghai-sunfun;Shanghai Sunfun;41;China;club
24685;shatin;Shatin;85;Hong Kong;club
22973;shanxi-xindu;Shanxi Xindu;41;China;club
17864;shaw-lane;Shaw Lane;60;England;club
23355;sheffield-fc;Sheffield FC;0;;club
468;sheffield-united;Sheffield United;60;England;club
17021;sheffield-united-w;Sheffield United W;60;England;club
16010;sheffield-utd-u23;Sheffield Utd U-23;60;England;club
16011;sheffield-wed-u23;Sheffield Wed U-23;60;England;club
469;sheffield-wednesday;Sheffield Wednesday;60;England;club
19339;sheikh-moni-arambagh;Sheikh Moni Arambagh;17;Bangladesh;club
15561;sheikh-russel;Sheikh Russel;17;Bangladesh;club
15560;sheikh-jamal;Sheikh Jamal;17;Bangladesh;club
9037;sheksna;Sheksna;152;Russia;club
345;shelbourne;Shelbourne;92;Ireland;club
18833;shenkolli;Shenkolli;2;Albania;club
21600;shenyang-urban-fc;Shenyang Urban FC;41;China;club
3067;shenzhen-fc;Shenzhen FC;41;China;club
14960;sherdor;Sherdor;197;Uzbekistan;club
22983;shenzhen-pengcheng;Shenzhen Pengcheng;41;China;club
124;sherif;Sherif;124;Moldova;club
22494;sherif-u19;Sherif U-19;0;;club
21252;sherif2;Sherif-2;124;Moldova;club
13563;sheriff-yc;Sheriff YC;92;Ireland;club
19216;shevardeni-1906;Shevardeni 1906;73;Georgia;club
14830;shijiazhuang;Shijiazhuang;41;China;club
1798;shildon;Shildon;60;England;club
1515;shimizu-spulse;Shimizu S-Pulse;96;Japan;club
16951;shillong-lajong;Shillong Lajong;88;India;club
24810;shimshon-kafr-qasim;Shimshon Kafr Qasim;93;Israel;club
630;shinnik;Shinnik;152;Russia;club
6115;shirak;Shirak;10;Armenia;club
12954;shirak2;Shirak-2;10;Armenia;club
18015;shivajians;Shivajians;88;India;club
24027;shizuoka-fc-u18;Shizuoka FC U-18;0;;club
3392;shkendija;Shkendija;65;Rep. of Macedonia;club
25052;shkendija-tirane-u19;Shkendija Tirane U-19;0;;club
20626;shkendija-u19;Shkendija U-19;0;;club
6110;shkumbini;Shkumbini;2;Albania;club
14459;shkupi;Shkupi;65;Rep. of Macedonia;club
18691;shooting-stars;Shooting Stars;137;Nigeria;club
6546;shonan-bellmare;Shonan Bellmare;96;Japan;club
6363;shorta;Shorta;179;Syria;club
7407;shortan-guzor;Shortan Guzor;197;Uzbekistan;club
13934;shortwood-united;Shortwood United;60;England;club
689;shrewsbury;Shrewsbury;60;England;club
24299;shrewsbury-u23;Shrewsbury U-23;60;England;club
13918;shukura;Shukura;73;Georgia;club
15658;siah-jamegan;Siah Jamegan;90;Iran;club
15076;siarka-tarnobrzeg;Siarka Tarnobrzeg;147;Poland;club
2295;siauliai;Siauliai;111;Lithuania;club
2981;sibir;Sibir;152;Russia;club
666;sibenik;Sibenik;49;Croatia;club
10996;sibir2;Sibir-2;152;Russia;club
7490;sibiryak;Sibiryak;152;Russia;club
22976;sichuan-jiuniu;Sichuan Jiuniu;41;China;club
20205;sicula-leonzio;Sicula Leonzio;94;Italy;club
3796;serbia-u21;Serbia U-21;204;Serbia;selection
22115;sidi-kacem;Sidi Kacem;127;Morocco;club
16495;sidi-bouzid;Sidi Bouzid;187;Tunisia;club
18519;siegburger-sv;Siegburger SV;74;Germany;club
912;siegen;Siegen;74;Germany;club
533;siena;Siena;94;Italy;club
21739;siegendorf;Siegendorf;13;Austria;club
15286;selfoss-w;Selfoss W;87;Iceland;club
18092;siete-villas;Siete Villas;169;Spain;club
20468;siirt-il-ozel-idaresi;Siirt Il Ozel Idaresi;188;Turkey;club
2911;siirtspor;Siirtspor;188;Turkey;club
16621;siklos;Siklos;86;Hungary;club
21901;sile-yildizspor;Sile Yildizspor;188;Turkey;club
293;sileks;Sileks;65;Rep. of Macedonia;club
13039;silivrispor;Silivrispor;188;Turkey;club
21769;silkeborg-kfum;Silkeborg KFUM;53;Denmark;club
377;silkeborg;Silkeborg;53;Denmark;club
15152;silkeborg2;Silkeborg-2;53;Denmark;club
18140;silla;Silla;169;Spain;club
6413;sillamae-kalev;Sillamae Kalev;63;Estonia;club
2294;silute;Silute;111;Lithuania;club
15398;silva-sd;Silva SD;169;Spain;club
23210;silver;Silver;115;Malawi;club
22643;silves;Silves;148;Portugal;club
21715;silvolde;Silvolde;132;Netherlands;club
22755;simba;Simba;182;Tanzania;club
14029;sime-darby;Sime Darby;116;Malaysia;club
6121;simurq;Simurq;14;Azerbaijan;club
3636;sindjelic-nis;Sindjelic Nis;204;Serbia;club
16891;sindelic;Sindelic;204;Serbia;club
17101;sindri;Sindri;87;Iceland;club
-163;singapore;Singapore;163;Singapore;selection
12565;singapore-lionsxii;Singapore LIONSXII;116;Malaysia;club
15069;singapore-rc;Singapore RC;163;Singapore;club
23814;singapore-u16;Singapore U-16;0;;club
4837;singapore-u19;Singapore U-19;0;;club
3837;singapore-u21;Singapore U-21;163;Singapore;selection
13570;singapore-u23;Singapore U-23;163;Singapore;selection
23341;singapore-u22;Singapore U-22;0;;club
21347;singapore-w;Singapore W;0;;club
14616;singerei;Singerei;124;Moldova;club
14037;singhtarua;Singhtarua;183;Thailand;club
24209;singida-united;Singida United;182;Tanzania;club
18804;sinop;Sinop;28;Brasil;club
24735;sint-maarten;Sint Maarten;0;;club
16454;sinop-spor;Sinop Spor;188;Turkey;club
14434;sintelooiswinkel;Sint-Eloois-Winkel;20;Belgium;club
18087;siero;Siero;169;Spain;club
20453;sintlenaarts;Sint-Lenaarts;20;Belgium;club
11647;sintniklaas;Sint-Niklaas;20;Belgium;club
557;sinttruiden;Sint-Truiden;20;Belgium;club
15985;sinttruiden-u21;Sint-Truiden U-21;20;Belgium;club
23964;sintra;Sintra;148;Portugal;club
1131;siofok;Siofok;86;Hungary;club
21202;sintrense;Sintrense;148;Portugal;club
593;sion;Sion;178;Switzerland;club
15510;sion2;Sion-2;178;Switzerland;club
1574;sioni;Sioni;73;Georgia;club
19973;siquinala;Siquinala;80;Guatemala;club
9537;siracusa;Siracusa;94;Italy;club
18747;sirens;Sirens;119;Malta;club
20548;siraf;Siraf;90;Iran;club
16600;sireti;Sireti;124;Moldova;club
3349;sirius;Sirius;177;Sweden;club
18964;sirius-u21;Sirius U-21;177;Sweden;club
1116;siroki-brijeg;Siroki Brijeg;26;Bosnia and Herzegovina;club
8916;sisaket;Sisaket;183;Thailand;club
13788;sitra;Sitra;16;Bahrain;club
21291;sittingbourne;Sittingbourne;60;England;club
16094;sivasspor-u21;Sivasspor U-21;188;Turkey;club
9545;sivas-belediyespor;Sivas Belediyespor;188;Turkey;club
9046;sjk;SJK;68;Finland;club
18720;sjk2;SJK-2;68;Finland;club
16832;sk-blava;SK Blava;164;Slovakia;club
142;sk-brann;SK Brann;139;Norway;club
23329;sk-brann-u19;SK Brann U-19;139;Norway;club
23038;sk-brann2;SK Brann-2;139;Norway;club
17049;sk-babite;SK Babite;105;Latvia;club
16054;sk-imavere-forss;SK Imavere Forss;63;Estonia;club
17274;sk-sifhalla;SK Sifhalla;177;Sweden;club
16053;sk-taaksi;SK Taaksi;63;Estonia;club
1492;ska-khabarovsk;SKA Khabarovsk;152;Russia;club
20005;ska-khabarovskd;SKA Khabarovsk-D;152;Russia;club
3341;ska-rostov;SKA Rostov;152;Russia;club
23873;skagen-ik;Skagen IK;53;Denmark;club
6192;skala-if;Skala IF;66;Faroe Islands;club
15213;skala-stryi;Skala Stryi;192;Ukraine;club
15198;skalica;Skalica;164;Slovakia;club
21767;skanderborg;Skanderborg;53;Denmark;club
23146;skanland;Skanland;139;Norway;club
20186;skara;Skara;177;Sweden;club
24563;skastice;Skastice;52;Czech Republic;club
14212;skchf;SKCHF;152;Russia;club
19234;skedsmo;Skedsmo;139;Norway;club
959;skeid;Skeid;139;Norway;club
19122;skelleftea;Skelleftea;177;Sweden;club
16916;skelmersdale;Skelmersdale;60;England;club
16848;sk-javornik-makov;SK Javornik Makov;164;Slovakia;club
6113;skenderbeu;Skenderbeu;2;Albania;club
22050;skerries-town;Skerries Town;92;Ireland;club
21602;sichuan;Sichuan;41;China;club
17379;skenderbeu-poroj;Skenderbeu Poroj;65;Rep. of Macedonia;club
15083;skikda;Skikda;3;Algeria;club
19101;skiljebo;Skiljebo;177;Sweden;club
932;skive-ik;Skive IK;53;Denmark;club
23045;skjervoy;Skjervoy;139;Norway;club
19237;skjetten;Skjetten;139;Norway;club
1206;skjold;Skjold;53;Denmark;club
21765;skjold-birkerod;Skjold Birkerod;53;Denmark;club
19093;skoftebyn;Skoftebyn;177;Sweden;club
122;skonto;Skonto;105;Latvia;club
14408;skovbakken;Skovbakken;53;Denmark;club
15240;skovbakken-w;Skovbakken W;53;Denmark;club
3404;skovde;Skovde;177;Sweden;club
17558;skovshoved;Skovshoved;53;Denmark;club
21724;skra-czestochowa;Skra Czestochowa;147;Poland;club
20121;skrea;Skrea;177;Sweden;club
24966;skugric;Skugric;26;Bosnia and Herzegovina;club
1375;sintgillis-waas;Sint-Gillis Waas;20;Belgium;club
18658;sl-navy;SL Navy;171;Sri Lanka;club
584;slask;Slask;147;Poland;club
-162;sierra-leone;Sierra Leone;162;;selection
24532;slany;Slany;52;Czech Republic;club
23510;slask2;Slask-2;147;Poland;club
9884;slatina;Slatina;151;Romania;club
662;slaven-koprivnica;Slaven Koprivnica;49;Croatia;club
20781;slaven-zivince;Slaven Zivince;26;Bosnia and Herzegovina;club
10988;slavia-k;Slavia K;0;;club
114;slavia-praha;Slavia Praha;52;Czech Republic;club
22411;slask-switochlowice;Slask Switochlowice;147;Poland;club
15133;slavia-praha-u19;Slavia Praha U-19;52;Czech Republic;club
15114;slavia-praha-u21;Slavia Praha U-21;52;Czech Republic;club
23727;slavia-praha2;Slavia Praha-2;52;Czech Republic;club
15229;slavia-praha-w;Slavia Praha W;52;Czech Republic;club
634;slavia-sofia;Slavia Sofia;30;Bulgaria;club
24738;slavia-tu-kosice;Slavia TU Kosice;164;Slovakia;club
1187;slaviamozyr;Slavia-Mozyr;19;Belarus;club
3036;slavija;Slavija;26;Bosnia and Herzegovina;club
2051;slavicin;Slavicin;52;Czech Republic;club
24524;slavoj-myto;Slavoj Myto;52;Czech Republic;club
17398;slavija-pleternica;Slavija Pleternica;49;Croatia;club
24581;slavoj-olympia-bruntal;Slavoj Olympia Bruntal;52;Czech Republic;club
17320;slavoj-polna;Slavoj Polna;52;Czech Republic;club
20112;slavoj-trebisov;Slavoj Trebisov;164;Slovakia;club
6781;slavoj-vysehrad;Slavoj Vysehrad;52;Czech Republic;club
14449;slavonija;Slavonija;49;Croatia;club
16993;sleipner;Sleipner;177;Sweden;club
17104;slavyanka-w;Slavyanka W;19;Belarus;club
13103;slavutich;Slavutich;192;Ukraine;club
15743;sleza;Sleza;147;Poland;club
1696;sligo-rovers;Sligo Rovers;92;Ireland;club
1540;sloboda;Sloboda;26;Bosnia and Herzegovina;club
341;sliema-wanderers-fc;Sliema Wanderers FC;119;Malta;club
16578;sloboda-novi-grad;Sloboda Novi Grad;26;Bosnia and Herzegovina;club
4784;sloboda-uzice;Sloboda Uzice;204;Serbia;club
7830;sloga-doboj;Sloga Doboj;26;Bosnia and Herzegovina;club
22384;sloga-gornje-crnjelovo;Sloga Gornje Crnjelovo;26;Bosnia and Herzegovina;club
22436;sloga-mravince;Sloga Mravince;49;Croatia;club
14586;sloga-ljubuski;Sloga Ljubuski;26;Bosnia and Herzegovina;club
23691;sl-ivanka-pri-dunaji;Sl. Ivanka pri Dunaji;164;Slovakia;club
14489;sloga-kraljevo;Sloga Kraljevo;204;Serbia;club
14487;sloga-p;Sloga P.;204;Serbia;club
13402;slough-town;Slough Town;60;England;club
15195;slonim;Slonim;19;Belarus;club
1922;slovacko;Slovacko;52;Czech Republic;club
15135;slovacko-u19;Slovacko U-19;52;Czech Republic;club
19969;slovacko-u21;Slovacko U-21;52;Czech Republic;club
15231;slovacko-w;Slovacko W;52;Czech Republic;club
23385;slovacko2;Slovacko-2;52;Czech Republic;club
14468;sloga-radovici;Sloga Radovici;216;Montenegro;club
15034;slovakia-u16;Slovakia U-16;164;Slovakia;selection
-164;slovakia;Slovakia;164;Slovakia;selection
20835;slovakia-u17-w;Slovakia U-17 W;164;Slovakia;selection
5836;slovakia-u17;Slovakia U-17;164;Slovakia;selection
14939;slovakia-u18;Slovakia U-18;164;Slovakia;selection
4836;slovakia-u19;Slovakia U-19;164;Slovakia;selection
19424;slovakia-u19-w;Slovakia U-19 W;164;Slovakia;selection
15045;slovakia-u20;Slovakia U-20;164;Slovakia;selection
3836;slovakia-u21;Slovakia U-21;164;Slovakia;selection
14911;slovakia-u23;Slovakia U-23;164;Slovakia;selection
13758;slovakia-w;Slovakia W;164;Slovakia;selection
318;slovan;Slovan;164;Slovakia;club
1780;slovan-duslo-sala;Slovan Duslo Sala;164;Slovakia;club
15559;sky-blue-w;Sky Blue W;194;United States;club
25045;slovan-bratislava-u19;Slovan Bratislava U-19;0;;club
22033;slovan-bratislava-w;Slovan Bratislava W;164;Slovakia;club
23670;slovan-giraltovce;Slovan Giraltovce;164;Slovakia;club
17405;slovan-simonovany;Slovan Simonovany;164;Slovakia;club
14490;slovan-most;Slovan Most;164;Slovakia;club
13813;slovan-nemsova;Slovan Nemsova;164;Slovakia;club
20680;slovan-trencianske;Slovan Trencianske;164;Slovakia;club
20244;slovan-velvary;Slovan Velvary;52;Czech Republic;club
15504;slovan2;Slovan-2;164;Slovakia;club
7708;slovan-varnsdorf;Slovan Varnsdorf;52;Czech Republic;club
-165;slovenia;Slovenia;165;Slovenia;selection
16586;sloga-nova-gradika;Sloga Nova Gradika;49;Croatia;club
19038;slovenia-u17-w;Slovenia U-17 W;165;Slovenia;selection
24846;sl-benfica-w;SL Benfica W;148;Portugal;club
19206;slovenia-u16-w;Slovenia U-16 W;165;Slovenia;selection
4835;slovenia-u19;Slovenia U-19;165;Slovenia;selection
5835;slovenia-u17;Slovenia U-17;165;Slovenia;selection
15945;slask-u18;Slask U-18;147;Poland;club
23308;slovenia-u20;Slovenia U-20;0;;club
19176;slovenia-u19-w;Slovenia U-19 W;165;Slovenia;selection
3835;slovenia-u21;Slovenia U-21;165;Slovenia;selection
13143;slunj;Slunj;0;;club
11216;slutsk;Slutsk;19;Belarus;club
17371;smarje;Smarje;165;Slovenia;club
17212;smedby-ais;Smedby AIS;177;Sweden;club
21924;smi-autotrans;SMI Autotrans;19;Belarus;club
6691;smena;Smena;152;Russia;club
15196;smolevichisti;Smolevichi-STI;19;Belarus;club
16168;slovenia-u18;Slovenia U-18;165;Slovenia;selection
3347;smorgon;Smorgon;19;Belarus;club
14553;slovenia-u16;Slovenia U-16;165;Slovenia;selection
13759;slovenia-w;Slovenia W;165;Slovenia;selection
15967;sms-lodz-u18;SMS Lodz U-18;147;Poland;club
13131;sneek;Sneek;132;Netherlands;club
7588;snina;Snina;164;Slovakia;club
24053;soa;SOA;48;Cote dIvoire;club
22929;sobradinho;Sobradinho;28;Brasil;club
16422;soccernet;Soccernet;63;Estonia;club
178;sochaux;Sochaux;69;France;club
24596;sochaux-u19;Sochaux U-19;69;France;club
14213;sochi;Sochi;152;Russia;club
17229;social-sol;Social Sol;84;Honduras;club
23565;sochid;Sochi-D;152;Russia;club
21389;socorrense;Socorrense;28;Brasil;club
21253;socol-copceac;Socol Copceac;124;Moldova;club
17282;soderhamn;Soderhamn;177;Sweden;club
14231;socuellamos;Socuellamos;169;Spain;club
10870;sodgiana;Sodgiana;197;Uzbekistan;club
15607;sodertalje;Sodertalje;177;Sweden;club
12756;sofapaka;Sofapaka;99;Kenya;club
18117;sodupe;Sodupe;169;Spain;club
7408;sogdiyona-jizzax;Sogdiyona Jizzax;197;Uzbekistan;club
790;sogndal;Sogndal;139;Norway;club
25043;sogndal-u19;Sogndal U-19;0;;club
23035;sogndal2;Sogndal-2;139;Norway;club
16072;sohus-stige;Sohus Stige;53;Denmark;club
13115;soimi-pancota;Soimi Pancota;151;Romania;club
24454;soimii-lipova;Soimii Lipova;151;Romania;club
100;sokol;Sokol;152;Russia;club
13735;sohar;Sohar;140;Oman;club
20249;sokol-brozany;Sokol Brozany;52;Czech Republic;club
23631;sokol-aleksandrow;Sokol Aleksandrow;147;Poland;club
24523;sokol-cizova;Sokol Cizova;52;Czech Republic;club
18532;sokol-kleczew;Sokol Kleczew;147;Poland;club
23641;sokol-lanzhot;Sokol Lanzhot;52;Czech Republic;club
22219;sokol-hostoun;Sokol Hostoun;52;Czech Republic;club
24219;sn-constanta-w;SN Constanta W;151;Romania;club
20769;sokol-markovo;Sokol Markovo;30;Bulgaria;club
23776;sokol-sieniawa;Sokol Sieniawa;147;Poland;club
24543;sokol-libis;Sokol Libis;52;Czech Republic;club
9277;smouha;Smouha;58;Egypt;club
20266;sokol-ostroda;Sokol Ostroda;147;Poland;club
22221;sokol-tasovice;Sokol Tasovice;52;Czech Republic;club
1411;sokolov;Sokolov;52;Czech Republic;club
17327;sokol-zapy;Sokol Zapy;52;Czech Republic;club
20250;sokol-zivanice;Sokol Zivanice;52;Czech Republic;club
20503;sol;Sol;164;Slovakia;club
3550;sol-de-america;Sol de America;145;Paraguay;club
22835;sol-de-mayo;Sol de Mayo;9;Argentina;club
24054;sol-fc;SOL FC;48;Cote dIvoire;club
6774;sokol-usti;Sokol Usti;52;Czech Republic;club
13400;solares;Solares;169;Spain;club
23780;sola-oswiecim;Sola Oswiecim;147;Poland;club
14146;soliaris;Soliaris;152;Russia;club
18648;solid;Solid;171;Sri Lanka;club
23713;solieres-sport;Solieres Sport;20;Belgium;club
14171;solihull-moors;Solihull Moors;60;England;club
17203;solin;Solin;49;Croatia;club
13123;sollenau;Sollenau;13;Austria;club
15908;sollentuna;Sollentuna;177;Sweden;club
15630;sola;Sola;139;Norway;club
7447;sollerodvedbek;Sollerod-Vedbek;53;Denmark;club
7839;solothurn;Solothurn;178;Switzerland;club
-166;soloman-islands;Soloman Islands;166;;selection
-167;somalia;Somalia;167;;selection
15889;somaliska;Somaliska;177;Sweden;club
21503;solvesborg;Solvesborg;177;Sweden;club
24273;somaspor;Somaspor;188;Turkey;club
20368;somorrostro;Somorrostro;169;Spain;club
16624;somos;Somos;86;Hungary;club
14229;somozas;Somozas;169;Spain;club
24416;somuz-falticeni;Somuz Falticeni;151;Romania;club
18225;son-cladera;Son Cladera;169;Spain;club
24129;sonabel;SONABEL;208;Afghanistan;club
12987;sonderborg;Sonderborg;53;Denmark;club
933;sonderjylland;Sonderjylland;53;Denmark;club
15153;sonderjylland2;Sonderjylland-2;53;Denmark;club
24317;sondrio;Sondrio;94;Italy;club
7385;song-lam-nghe-an-vinh;Song Lam Nghe An Vinh;200;Vietnam;club
13517;songkhla-united;Songkhla United;183;Thailand;club
21607;songo;Songo;128;Mozambique;club
24244;soni;Soni;118;Mali;club
7318;sonnenhof-grosaspach;Sonnenhof Grosaspach;74;Germany;club
15871;sonsonate;Sonsonate;59;El Salvador;club
18361;sonthofen;Sonthofen;74;Germany;club
18924;sony-de-ela-nguema;Sony de Ela Nguema;0;;club
7494;sony-sendai-fc;Sony Sendai FC;96;Japan;club
12757;sony-sugar;SoNy Sugar;99;Kenya;club
23185;soltilo-angkor;Soltilo Angkor;33;Cambodia;club
562;sopron;Sopron;86;Hungary;club
22066;sorkhpooshan-pakdasht;Sorkhpooshan Pakdasht;90;Iran;club
14199;soroksar;Soroksar;86;Hungary;club
7467;sorrento-fc;Sorrento FC;12;Australia;club
3502;sorrento;Sorrento;94;Italy;club
23174;soleil;Soleil;22;Benin;club
18881;sorrento-u20;Sorrento U-20;12;Australia;club
21981;soller;Soller;169;Spain;club
24817;sotiras;Sotiras;51;Cyprus;club
15894;soukra;Soukra;187;Tunisia;club
19240;sotra;Sotra;139;Norway;club
18593;sousa;Sousa;28;Brasil;club
15668;smiltene;Smiltene;105;Latvia;club
-168;south-africa;South Africa;168;South Africa;selection
19230;sortland;Sortland;139;Norway;club
22699;south-africa-u17-w;South Africa U-17 W;0;;club
23296;south-africa-u19-w;South Africa U-19 W;0;;club
23301;south-africa-u20-w;South Africa U-20 W;0;;club
7755;south-africa-u20;South Africa U-20;168;South Africa;selection
3832;south-africa-u21;South Africa U-21;168;South Africa;selection
16406;south-africa-u23;South Africa U-23;168;South Africa;selection
15434;south-africa-univ-w;South Africa Univ W;168;South Africa;selection
5832;south-africa-u17;South Africa U-17;168;South Africa;selection
12829;south-africa-w;South Africa W;168;South Africa;selection
14818;south-cardiff;South Cardiff;12;Australia;club
6203;south-china-aa;South China AA;85;Hong Kong;club
8968;south-coast-wolves;South Coast Wolves;12;Australia;club
14808;south-hobart;South Hobart;12;Australia;club
7509;south-melbourne;South Melbourne;12;Australia;club
17870;south-park;South Park;60;England;club
18868;south-melbourne-u20;South Melbourne U-20;12;Australia;club
12856;south-shields;South Shields;60;England;club
15049;south-sudan;South Sudan;0;;club
235;southampton;Southampton;60;England;club
23946;southampton-u18;Southampton U-18;60;England;club
17432;southampton-u21;Southampton U-21;60;England;club
13015;southampton-u23;Southampton U-23;60;England;club
618;southend-united;Southend United;60;England;club
21485;southern;Southern;116;Malaysia;club
20365;southend-united-u23;Southend United U-23;60;England;club
15341;sosnowiec-w;Sosnowiec W;147;Poland;club
24560;southern-samity;Southern Samity;88;India;club
23226;southern-myanmar;Southern Myanmar;129;Myanmar;club
18734;southern-united;Southern United;134;New Zealand;club
811;southport;Southport;60;England;club
8978;souths-united;Souths United;12;Australia;club
15357;south-africa-univ;South Africa Univ.;168;South Africa;selection
15786;soyaux-w;Soyaux W;69;France;club
14438;sozopol;Sozopol;30;Bulgaria;club
1445;sp-covilha;Sp. Covilha;148;Portugal;club
7246;sp-tre-fiori;SP Tre Fiori;156;San Marino;club
23068;spaeri;Spaeri;73;Georgia;club
-169;spain;Spain;169;Spain;selection
5831;spain-u17;Spain U-17;169;Spain;selection
17082;spain-u16;Spain U-16;169;Spain;selection
15008;spain-u17-w;Spain U-17 W;169;Spain;selection
16111;spain-u18;Spain U-18;169;Spain;selection
12996;southern-district;Southern District;85;Hong Kong;club
7244;spain-u20;Spain U-20;169;Spain;selection
21419;southside-eagles;Southside Eagles;12;Australia;club
3831;spain-u21;Spain U-21;169;Spain;selection
7728;spakenburg;Spakenburg;132;Netherlands;club
867;spal;Spal;94;Italy;club
17407;spal-u19;Spal U-19;94;Italy;club
22020;spain-u20-w;Spain U-20 W;0;;club
23363;sparta-petegem;Sparta Petegem;20;Belgium;club
7737;sparta-nijkerk;Sparta Nijkerk;132;Netherlands;club
15136;sparta-prague-u19;Sparta Prague U-19;52;Czech Republic;club
6584;sparta-prague-u21;Sparta Prague U-21;52;Czech Republic;club
22131;sparta-prague-u23;Sparta Prague U-23;0;;club
371;sparta-praha;Sparta Praha;52;Czech Republic;club
15232;sparta-praha-w;Sparta Praha W;52;Czech Republic;club
217;sparta-rotterdam;Sparta Rotterdam;132;Netherlands;club
13575;spain-w;Spain W;169;Spain;selection
24510;sparta-rotterdam-u19;Sparta Rotterdam U-19;132;Netherlands;club
15998;sparta-rotterdam-u23;Sparta Rotterdam U-23;132;Netherlands;club
18603;sparta-rotterdam2;Sparta Rotterdam-2;132;Netherlands;club
17572;sparta-s;Sparta S.;76;Greece;club
23147;sparta-sarpsborg;Sparta Sarpsborg;139;Norway;club
16718;spalding-united;Spalding United;60;England;club
17321;spartak-hulin;Spartak Hulin;52;Czech Republic;club
4831;spain-u19;Spain U-19;169;Spain;selection
12823;spartak-io;Spartak I-O;152;Russia;club
9041;spartak-kostroma;Spartak Kostroma;152;Russia;club
101;spartak;Spartak;152;Russia;club
20675;spartak-medzev;Spartak Medzev;164;Slovakia;club
23520;spartak-myjava-w;Spartak Myjava W;164;Slovakia;club
20679;spartak-nad-kysucou;Spartak nad Kysucou;164;Slovakia;club
1196;spartak-nalchik;Spartak Nalchik;152;Russia;club
635;spartak-pleven;Spartak Pleven;30;Bulgaria;club
15193;spartak-sh;Spartak Sh.;19;Belarus;club
23728;sparta-praha2;Sparta Praha-2;52;Czech Republic;club
22083;spartak-slatinany;Spartak Slatinany;52;Czech Republic;club
7298;spartak-subotica;Spartak Subotica;204;Serbia;club
24517;spartak-sobeslav;Spartak Sobeslav;52;Czech Republic;club
16040;spartak-subotica-w;Spartak Subotica W;0;;club
14050;south-adelaide;South Adelaide;12;Australia;club
23521;spartak-trnava-w;Spartak Trnava W;164;Slovakia;club
1074;spartak-trnava;Spartak Trnava;164;Slovakia;club
20612;spartak-u19;Spartak U-19;0;;club
638;spartak-varna;Spartak Varna;30;Bulgaria;club
17193;spartak-vladikavkaz;Spartak Vladikavkaz;152;Russia;club
7594;spartak-myjava;Spartak Myjava;164;Slovakia;club
13622;spartak2;Spartak-2;152;Russia;club
12724;spartaks;Spartaks;105;Latvia;club
8855;spartakd;Spartak-D;152;Russia;club
23090;spartanii-selemet;Spartanii Selemet;124;Moldova;club
1820;spartans;Spartans;159;Scotland;club
17839;sparta-sc;Sparta SC;124;Moldova;club
12865;spennymoor-town;Spennymoor Town;60;England;club
12801;speranta;Speranta;124;Moldova;club
23089;speranta-drochia;Speranta Drochia;124;Moldova;club
15303;speranza-w;Speranza W;96;Japan;club
854;spezia;Spezia;94;Italy;club
16505;spezia-u19;Spezia U-19;94;Italy;club
15165;spielberg;Spielberg;74;Germany;club
24875;spiez;Spiez;178;Switzerland;club
25026;spisske-podhradie;Spisske Podhradie;164;Slovakia;club
7592;spisska-nova-ves;Spisska Nova Ves;164;Slovakia;club
19244;spjelkavik;Spjelkavik;139;Norway;club
23853;split-w;Split W;0;;club
2342;sport-boys;Sport Boys;146;Peru;club
6147;sport-boys-warnes;Sport Boys Warnes;25;Bolivia;club
8665;sport-colombia;Sport Colombia;145;Paraguay;club
7133;sport-huancayo;Sport Huancayo;146;Peru;club
14976;sport-loreto;Sport Loreto;146;Peru;club
449;sport-recife;Sport Recife;28;Brasil;club
23375;sport-recife-u20;Sport Recife U-20;28;Brasil;club
22947;sport-recife-w;Sport Recife W;28;Brasil;club
18844;sport-rosario;Sport Rosario;146;Peru;club
17441;sportleisure-swifts;Sport-Leisure Swifts;138;Northern Ireland;club
23424;sport-victoria;Sport Victoria;146;Peru;club
20273;sportfreunde-dorfmerkingen;Sportfreunde Dorfmerkingen;74;Germany;club
7042;sportfreunde-lotte;Sportfreunde Lotte;74;Germany;club
263;sporting;Sporting;148;Portugal;club
20705;sporting-ben-arous;Sporting Ben Arous;187;Tunisia;club
14776;sporting-cabinda;Sporting Cabinda;6;Angola;club
19963;sporting-chatalet;Sporting Chatalet;20;Belgium;club
1858;sporting-cristal;Sporting Cristal;146;Peru;club
15505;spartak-trnava2;Spartak Trnava-2;164;Slovakia;club
15847;sporting-de-huelva-w;Sporting de Huelva W;169;Spain;club
12171;sporting-gijon2;Sporting Gijon-2;169;Spain;club
514;sporting-gijon;Sporting Gijon;169;Spain;club
17146;sporting-hasselt;Sporting Hasselt;20;Belgium;club
1036;sporting-kc;Sporting KC;194;United States;club
16717;sporting-khalsa;Sporting Khalsa;60;England;club
22325;sporting-liesti;Sporting Liesti;151;Romania;club
23099;sporting-macau;Sporting Macau;113;Macao;club
24442;sporting-rosiori;Sporting Rosiori;151;Romania;club
13679;sporting-san-miguelito;Sporting San Miguelito;143;Panama;club
24363;sporting-trestina;Sporting Trestina;94;Italy;club
13070;sporting-u19;Sporting U-19;0;;club
23977;sporting-u23;Sporting U-23;148;Portugal;club
18166;sporting-uxama;Sporting Uxama;169;Spain;club
1610;sporting-west;Sporting West;0;;club
22028;sporting-w;Sporting W;148;Portugal;club
15063;sporting-westlake;Sporting Westlake;163;Singapore;club
12902;sporting2;Sporting-2;148;Portugal;club
18439;spellevenhaus;Spelle-Venhaus;74;Germany;club
24750;sportivo-barracas;Sportivo Barracas;9;Argentina;club
15812;sportivo-carapegua;Sportivo Carapegua;145;Paraguay;club
11483;sportivo-des;Sportivo Des.;9;Argentina;club
24853;sportivo-di-fiorentino;Sportivo di Fiorentino;156;San Marino;club
7341;sportivo-italiano;Sportivo Italiano;9;Argentina;club
15810;sportivo-iteno;Sportivo Iteno;145;Paraguay;club
17268;sportivo-las-parejas;Sportivo Las Parejas;9;Argentina;club
3555;sportivo-luqueno;Sportivo Luqueno;145;Paraguay;club
17265;sportivo-rivadavia-vt;Sportivo Rivadavia VT;9;Argentina;club
24651;sportivo-penarol;Sportivo Penarol;9;Argentina;club
24092;sportivo-san-juan;Sportivo San Juan;145;Paraguay;club
22813;sportivo-san-lorenzo;Sportivo San Lorenzo;145;Paraguay;club
8664;sportivo-trinidense;Sportivo Trinidense;145;Paraguay;club
14749;sportivo-villa-cubas;Sportivo Villa Cubas;9;Argentina;club
14417;sportlust;Sportlust;132;Netherlands;club
23186;sports-academy;Sports Academy;33;Cambodia;club
20190;sportul-snagov;Sportul Snagov;151;Romania;club
7835;spouwenmopertingen;Spouwen-Mopertingen;20;Belgium;club
17147;sprimontcomblain;Sprimont-Comblain;20;Belgium;club
18616;springvale-white-eagles;Springvale White Eagles;0;;club
13647;sportivo-belgrano;Sportivo Belgrano;9;Argentina;club
15717;sprockhovel-u19;Sprockhovel U-19;74;Germany;club
24055;sporting-gagnoa;Sporting Gagnoa;48;Cote dIvoire;club
23108;sputnik;Sputnik;19;Belarus;club
16433;spvgg-landshut;SpVgg Landshut;0;;club
7325;spvgg-neckarelz;SpVgg Neckarelz;74;Germany;club
6507;sprintjeloy;Sprint-Jeloy;139;Norway;club
19545;src-hiroshima;SRC Hiroshima;96;Japan;club
-171;sri-lanka;Sri Lanka;171;Sri Lanka;selection
24910;sri-lanka-u16;Sri Lanka U-16;0;;club
4829;sri-lanka-u19;Sri Lanka U-19;0;;club
7167;sriwijaya-palembang;Sriwijaya Palembang;89;Indonesia;club
20704;ss-sfaxien;SS Sfaxien;187;Tunisia;club
1758;ss-reyes;SS Reyes;169;Spain;club
17264;ssdc-frattese;SSDC Frattese;94;Italy;club
17217;sprockhovel;Sprockhovel;74;Germany;club
2726;st-albans;St Albans;60;England;club
13211;st-cuthbert-wand;St Cuthbert Wand.;159;Scotland;club
17919;st-george-city;St George City;12;Australia;club
23820;st-george-saints;St George Saints;12;Australia;club
17863;st-ives-town;St Ives Town;60;England;club
18665;st-josephs;St Joseph's;225;Gibraltar;club
6533;st-marys-afc;St Marys AFC;92;Ireland;club
15030;st-mochtas;St Mochta's;92;Ireland;club
18036;st-neots-town;St Neots Town;60;England;club
2602;st-pryve;St Pryve;69;France;club
574;st-patricks;St Patricks;92;Ireland;club
11088;st-albans-saints;St. Albans Saints;12;Australia;club
18869;st-albans-saints-u20;St. Albans Saints U-20;12;Australia;club
16202;st-andrews;St. Andrews;119;Malta;club
18686;st-anns-rangers;St. Ann's Rangers;186;Trinidad and Tobago;club
23366;st-anna;St. Anna;13;Austria;club
294;st-gallen;St. Gallen;178;Switzerland;club
15511;st-gallen2;St. Gallen-2;178;Switzerland;club
23402;st-georges;St. Georges;119;Malta;club
21854;ssvg-velbert;SSVg Velbert;74;Germany;club
24150;st-gilloise-u21;St. Gilloise U-21;20;Belgium;club
3187;st-gilloise;St. Gilloise;20;Belgium;club
13124;st-johann;St. Johann;13;Austria;club
188;st-johnstone;St. Johnstone;159;Scotland;club
17291;st-johnstone-u20;St. Johnstone U-20;159;Scotland;club
9078;st-louis;St. Louis;194;United States;club
-215;st-lucia;St. Lucia;215;;selection
11977;st-margarethen;St. Margarethen;0;;club
14697;st-maur-lusi;St. Maur Lusi;69;France;club
14236;st-michaels;St. Michaels;92;Ireland;club
831;st-mirren;St. Mirren;159;Scotland;club
18601;st-mirren-u20;St. Mirren U-20;159;Scotland;club
159;st-pauli;St. Pauli;74;Germany;club
15693;st-pauli-u19;St. Pauli U-19;74;Germany;club
7358;st-pauli2;St. Pauli-2;74;Germany;club
16937;st-peterburg-u18;St. Peterburg U-18;0;;club
17056;st-peter;St. Peter;92;Ireland;club
12556;st-peterburg-u21;St. Peterburg U-21;0;;club
1995;st-polten;St. Polten;13;Austria;club
15221;st-polten-w;St. Polten W;13;Austria;club
15100;st-polten2;St. Polten-2;13;Austria;club
7687;st-veit;St. Veit;0;;club
-172;stkitts-and-nevis;St.Kitts and Nevis;172;;selection
-173;stvincent-and-the-g;St.Vincent and the G...;173;;selection
15519;staad-w;Staad W;178;Switzerland;club
20087;staaken;Staaken;74;Germany;club
791;stabek;Stabek;139;Norway;club
19226;staal-jorpeland;Staal Jorpeland;139;Norway;club
15324;stabek-w;Stabek W;139;Norway;club
15644;stabek2;Stabek-2;139;Norway;club
13433;stade-bordelais;Stade Bordelais;69;France;club
25027;spartak-vysoka;Spartak Vysoka;164;Slovakia;club
16932;stade-briochin;Stade Briochin;69;France;club
6351;stade-gabesien;Stade Gabesien;187;Tunisia;club
17582;stade-lausanne-ouchy;Stade Lausanne Ouchy;178;Switzerland;club
22994;stade-mandji;Stade Mandji;71;Gabon;club
7583;stade-malien;Stade Malien;118;Mali;club
16208;stade-marocain;Stade Marocain;127;Morocco;club
22993;stade-migoveen;Stade Migoveen;71;Gabon;club
20065;stade-montois;Stade Montois;69;France;club
3617;stade-nyonnais;Stade Nyonnais;178;Switzerland;club
13438;stade-pontivy;Stade Pontivy;69;France;club
19358;stade-renard;Stade Renard;34;Cameroon;club
24605;stade-rennes-u19;Stade Rennes U-19;69;France;club
6341;stade-tunis;Stade Tunis;187;Tunisia;club
15088;stadlpaura;Stadl-Paura;13;Austria;club
18501;stadtlohn;Stadtlohn;74;Germany;club
15101;stadlau;Stadlau;13;Austria;club
2076;stafford-rangers;Stafford Rangers;60;England;club
22849;stafsinge;Stafsinge;177;Sweden;club
15672;staiceles-bebri;Staiceles Bebri;105;Latvia;club
3663;staines-town;Staines Town;60;England;club
1178;stal-a;Stal A;192;Ukraine;club
23506;stal-brzeg;Stal Brzeg;147;Poland;club
2629;stal-kamianske;Stal Kamianske;192;Ukraine;club
15772;stal-kamianske-u21;Stal Kamianske U-21;192;Ukraine;club
15003;spain-u19-w;Spain U-19 W;169;Spain;selection
15077;stal-mielec;Stal Mielec;147;Poland;club
23777;stal-krasnik;Stal Krasnik;147;Poland;club
15962;stal-mielec-u19;Stal Mielec U-19;147;Poland;club
14478;stal-rzeszow;Stal Rzeszow;147;Poland;club
15960;stal-rzeszow-u19;Stal Rzeszow U-19;147;Poland;club
2017;stal-stalowa-wola;Stal Stalowa Wola;147;Poland;club
12810;stal-u21;Stal U-21;192;Ukraine;club
7211;stalkameratene;Stalkameratene;0;;club
15443;stallions;Stallions;222;Philippines;club
804;stalybridge;Stalybridge;60;England;club
17801;stamford;Stamford;60;England;club
314;standard;Standard;20;Belgium;club
15987;standard-u21;Standard U-21;20;Belgium;club
16671;standard-w;Standard W;20;Belgium;club
13128;staphorst;Staphorst;132;Netherlands;club
24963;stara-lubovna;Stara Lubovna;164;Slovakia;club
24548;stara-rise;Stara Rise;52;Czech Republic;club
14476;stargard;Stargard;147;Poland;club
22413;starograd-gdanski;Starograd Gdanski;147;Poland;club
23507;starowice-dolne;Starowice Dolne;147;Poland;club
792;start;Start;139;Norway;club
24547;start-brno;Start Brno;52;Czech Republic;club
23052;start-u19;Start U-19;139;Norway;club
23033;start2;Start-2;139;Norway;club
2603;ste-genevieve;Ste Genevieve;69;France;club
22209;stade-brainois;Stade Brainois;20;Belgium;club
21251;steaua-57;Steaua 57;124;Moldova;club
24429;steaua2;Steaua-2;151;Romania;club
17322;stechovice;Stechovice;52;Czech Republic;club
137;steaua;Steaua;151;Romania;club
17358;stedoco;SteDoCo;132;Netherlands;club
15518;st-gallen-w;St. Gallen W;178;Switzerland;club
15166;steinbach;Steinbach;74;Germany;club
6509;steinkjer;Steinkjer;139;Norway;club
19314;stellenbosch;Stellenbosch;168;South Africa;club
841;stenhousemuir;Stenhousemuir;159;Scotland;club
21782;stenlose;Stenlose;53;Denmark;club
19094;stenungsund;Stenungsund;177;Sweden;club
24536;steti;Steti;52;Czech Republic;club
813;stevenage;Stevenage;60;England;club
20191;stiinta-miroslava;Stiinta Miroslava;151;Romania;club
21379;still;Still;69;France;club
15731;stilon-gorzow;Stilon Gorzow;147;Poland;club
20699;stir-zarzouna;STIR Zarzouna;187;Tunisia;club
846;stirling-albion;Stirling Albion;159;Scotland;club
7510;stirling-lions;Stirling Lions;12;Australia;club
12785;stegersbach;Stegersbach;0;;club
13214;stirling-university;Stirling University;159;Scotland;club
2854;stjarnan;Stjarnan;87;Iceland;club
18882;stirling-lions-u20;Stirling Lions U-20;12;Australia;club
15638;stjordalsblink;Stjordals-Blink;139;Norway;club
23782;stm-sports;STM Sports;202;Wales;club
23714;stockaywarfusee;Stockay-Warfusee;20;Belgium;club
15285;stjarnan-w;Stjarnan W;87;Iceland;club
470;stockport;Stockport;60;England;club
22848;stockholm-internazionale;Stockholm Internazionale;177;Sweden;club
21494;stocksund;Stocksund;177;Sweden;club
604;stoke-city;Stoke City;60;England;club
13018;stoke-city-u23;Stoke City U-23;60;England;club
21434;steenberg-united;Steenberg United;168;South Africa;club
17029;stord;Stord;139;Norway;club
16917;stocksbridge;Stocksbridge;60;England;club
23034;storm;Storm;139;Norway;club
7957;stourbridge;Stourbridge;60;England;club
17924;straelen;Straelen;74;Germany;club
24567;strani;Strani;52;Czech Republic;club
834;stranraer;Stranraer;159;Scotland;club
376;strasbourg;Strasbourg;69;France;club
24590;strasbourg-u19;Strasbourg U-19;69;France;club
21741;straswalchen;Straswalchen;13;Austria;club
18033;stratford-town;Stratford Town;60;England;club
22404;strathspey-thistle;Strathspey Thistle;159;Scotland;club
18458;strausberg;Strausberg;74;Germany;club
3440;streymur;Streymur;66;Faroe Islands;club
14048;spartak-semey;Spartak Semey;98;Kazakhstan;club
20008;stripfing;Stripfing;13;Austria;club
19102;stromsberg;Stromsberg;177;Sweden;club
8840;strommen;Strommen;139;Norway;club
23053;stromsgodset-u19;Stromsgodset U-19;139;Norway;club
961;stromsgodset;Stromsgodset;139;Norway;club
15624;stromsgodset2;Stromsgodset-2;139;Norway;club
20665;struga;Struga;65;Rep. of Macedonia;club
13368;strumska-slava;Strumska slava;30;Bulgaria;club
23148;stryn;Stryn;139;Norway;club
14871;stumbras;Stumbras;111;Lithuania;club
19159;stumbras2;Stumbras-2;111;Lithuania;club
543;sturm;Sturm;13;Austria;club
7680;sturm2;Sturm-2;13;Austria;club
15222;sturm-w;Sturm W;13;Austria;club
21470;sturt-lions;Sturt Lions;12;Australia;club
157;stuttgart;Stuttgart;74;Germany;club
15707;stuttgart-u19;Stuttgart U-19;74;Germany;club
2331;stuttgart2;Stuttgart-2;74;Germany;club
914;stuttgarter-kickers;Stuttgarter Kickers;74;Germany;club
2229;strindheim;Strindheim;139;Norway;club
19265;stokkseyri;Stokkseyri;87;Iceland;club
18883;subiaco-u20;Subiaco U-20;12;Australia;club
18284;subiza;Subiza;169;Spain;club
3386;suchitepequez;Suchitepequez;80;Guatemala;club
13663;sud-america;Sud America;195;Uruguay;club
18417;stuttgarter-kickers2;Stuttgarter Kickers-2;74;Germany;club
21377;sud-nivernais;Sud Nivernais;69;France;club
-174;sudan;Sudan;174;Sudan;selection
14863;subiaco;Subiaco;12;Australia;club
16910;sudan-u20;Sudan U-20;0;;club
14724;sudbury;Sudbury;60;England;club
15223;sudburgenland-w;Sudburgenland W;13;Austria;club
18391;suderelbe;Suderelbe;74;Germany;club
112;spyris-kaunas;Spyris Kaunas;111;Lithuania;club
9105;sudet;Sudet;68;Finland;club
14848;suduroy;Suduroy;66;Faroe Islands;club
1103;suduva;Suduva;111;Lithuania;club
15529;sukhothai;Sukhothai;183;Thailand;club
20085;sulingen;Sulingen;74;Germany;club
17634;sulori;Sulori;73;Georgia;club
12039;sulori-vani;Sulori Vani;73;Georgia;club
15854;sultanbeyli;Sultanbeyli;188;Turkey;club
23447;sulut-united;Sulut United;89;Indonesia;club
11489;sumgayit;Sumgayit;14;Azerbaijan;club
24115;sumgayit2;Sumgayit-2;14;Azerbaijan;club
17319;sumperk;Sumperk;52;Czech Republic;club
6207;sun-hei-sc;Sun Hei SC;85;Hong Kong;club
19103;sundbyberg;Sundbyberg;177;Sweden;club
23935;sunderland-u18;Sunderland U-18;60;England;club
245;sunderland;Sunderland;60;England;club
23934;stoke-city-u18;Stoke City U-18;60;England;club
12867;sunderland-w;Sunderland W;60;England;club
767;sundsvall;Sundsvall;177;Sweden;club
18961;sundsvall-u21;Sundsvall U-21;177;Sweden;club
23024;sunndal;Sunndal;139;Norway;club
20262;sunred-beach;Sunred Beach;53;Denmark;club
25066;sunrise;Sunrise;153;Rwanda;club
23863;sunshine;Sunshine;53;Denmark;club
7511;sunshine-coast;Sunshine Coast;12;Australia;club
18892;sunshine-coast-fire-u20;Sunshine Coast Fire U-20;12;Australia;club
21453;sunshine-coast-wanderers;Sunshine Coast Wanderers;12;Australia;club
21436;super-eagles;Super Eagles;168;South Africa;club
24732;sudan-u23;Sudan U-23;0;;club
21536;super-nova;Super Nova;105;Latvia;club
6332;supersport-united;SuperSport United;168;South Africa;club
13518;suphanburi;Suphanburi;183;Thailand;club
6310;sur;Sur;140;Oman;club
23609;surat-thani-city;Surat Thani City;183;Thailand;club
5825;surinam-u17;Surinam U-17;0;;club
-175;suriname;Suriname;175;;selection
7406;surkhon;Surkhon;197;Uzbekistan;club
24874;sursee;Sursee;178;Switzerland;club
8959;sutherland-sharks;Sutherland Sharks;12;Australia;club
20783;sutjeska-foca;Sutjeska Foca;26;Bosnia and Herzegovina;club
20628;sutjeska-u19;Sutjeska U-19;0;;club
6259;sutjeska-niksic;Sutjeska Niksic;216;Montenegro;club
18046;sutton-coldfield-town;Sutton Coldfield Town;60;England;club
2730;sutton-utd;Sutton Utd;60;England;club
21015;suvelan;Suvelan;14;Azerbaijan;club
13016;sunderland-u23;Sunderland U-23;60;England;club
11155;suwon-city;Suwon City;101;Korea Republic;club
15305;suwon-w;Suwon W;101;Korea Republic;club
19273;suzhou-dongwu;Suzhou Dongwu;41;China;club
17463;suzuka-rampole;Suzuka Rampole;96;Japan;club
16238;sv-blerick;SV Blerick;132;Netherlands;club
3437;suwon-bluewings;Suwon Bluewings;101;Korea Republic;club
6644;sv-lippstadt;SV Lippstadt;74;Germany;club
18776;sv-steinbach;SV Steinbach;74;Germany;club
17184;sv-rudersdorf;SV Rudersdorf;13;Austria;club
20785;svatovac-polijice;Svatovac Polijice;26;Bosnia and Herzegovina;club
17247;svaty-jur;Svaty Jur;164;Slovakia;club
20670;svaty-peter;Svaty Peter;164;Slovakia;club
23176;svay-rieng;Svay Rieng;33;Cambodia;club
17221;stuttgarter-kickers-u19;Stuttgarter Kickers U-19;74;Germany;club
23377;sveikata;Sveikata;111;Lithuania;club
1676;svendborg;Svendborg;53;Denmark;club
2834;svetkavitsa;Svetkavitsa;30;Bulgaria;club
18441;svg-gottingen;SVG Gottingen;74;Germany;club
23671;svidnik;Svidnik;164;Slovakia;club
17349;svzw;SVZW;132;Netherlands;club
14179;sw-essen;SW Essen;74;Germany;club
17418;sw-harelbeke;SW Harelbeke;20;Belgium;club
695;swansea-city;Swansea City;60;England;club
24896;swansea-city-u23;Swansea City U-23;0;;club
23947;swansea-u18;Swansea U-18;60;England;club
15475;swansea-u23;Swansea U-23;60;England;club
23783;swansea-university;Swansea University;202;Wales;club
-177;sweden;Sweden;177;Sweden;selection
9525;sudtirol;Sudtirol;94;Italy;club
5823;sweden-u17;Sweden U-17;177;Sweden;selection
19048;sweden-u17-w;Sweden U-17 W;177;Sweden;selection
13568;sweden-u18;Sweden U-18;177;Sweden;selection
24495;sweden-u18-w;Sweden U-18 W;0;;club
4823;sweden-u19;Sweden U-19;177;Sweden;selection
14949;sweden-u16;Sweden U-16;177;Sweden;selection
16831;sweden-u20;Sweden U-20;177;Sweden;selection
3823;sweden-u21;Sweden U-21;177;Sweden;selection
17167;sweden-u23;Sweden U-23;177;Sweden;selection
19005;sweden-u23-w;Sweden U-23 W;177;Sweden;selection
6621;sweden-w;Sweden W;177;Sweden;selection
21820;swieqi-united;Swieqi United;119;Malta;club
17353;swift;Swift;132;Netherlands;club
6678;swift-hesperange;Swift Hesperange;112;Luxembourg;club
10143;swindon-supermarine;Swindon Supermarine;60;England;club
602;swindon-town;Swindon Town;60;England;club
9672;swit-n-d;Swit N D;147;Poland;club
14998;sweden-u19-w;Sweden U-19 W;177;Sweden;selection
17120;switchbacks;Switchbacks;194;United States;club
-178;switzerland;Switzerland;178;Switzerland;selection
14582;switzerland-u16;Switzerland U-16;178;Switzerland;selection
5822;switzerland-u17;Switzerland U-17;178;Switzerland;selection
15011;switzerland-u17-w;Switzerland U-17 W;178;Switzerland;selection
14504;switzerland-u18;Switzerland U-18;178;Switzerland;selection
4822;switzerland-u19;Switzerland U-19;178;Switzerland;selection
18705;switzerland-u19-w;Switzerland U-19 W;178;Switzerland;selection
13417;switzerland-u20;Switzerland U-20;178;Switzerland;selection
3822;switzerland-u21;Switzerland U-21;178;Switzerland;selection
13084;switzerland-w;Switzerland W;178;Switzerland;selection
22861;swope-park-rangers;Swope Park Rangers;194;United States;club
14792;swq-thunder;SWQ Thunder;12;Australia;club
18891;swq-thunder-u20;SWQ Thunder U-20;12;Australia;club
2472;sydney-fc;Sydney FC;12;Australia;club
18536;sydney-fc-w;Sydney FC W;12;Australia;club
17920;sydney-u21;Sydney U-21;12;Australia;club
8958;sydney-olympic;Sydney Olympic;12;Australia;club
22839;sydney2;Sydney-2;12;Australia;club
8965;sydney-united;Sydney United;12;Australia;club
978;sylvia;Sylvia;177;Sweden;club
13819;sydvest;Sydvest;53;Denmark;club
-179;syria;Syria;179;Syria;selection
24919;syria-u16;Syria U-16;0;;club
5821;syria-u17;Syria U-17;179;Syria;selection
16426;syria-u18;Syria U-18;179;Syria;selection
4821;syria-u19;Syria U-19;0;;club
7242;syria-u20;Syria U-20;179;Syria;club
16922;syria-u23;Syria U-23;179;Syria;selection
974;syrianska;Syrianska;177;Sweden;club
19104;syrianska-if;Syrianska IF;177;Sweden;club
10994;syzran;Syzran;152;Russia;club
21248;szarvasi;Szarvasi;86;Hungary;club
22671;szabadkikoto;Szabadkikoto;86;Hungary;club
14200;szeged;Szeged;86;Hungary;club
3621;szekszard;Szekszard;86;Hungary;club
23755;szent-mihaly-w;Szent Mihaly W;86;Hungary;club
17878;szentlorinc;Szentlorinc;86;Hungary;club
17231;szeol;Szeol;86;Hungary;club
7833;szigetszentmiklos;Szigetszentmiklos;86;Hungary;club
1385;szolnok;Szolnok;86;Hungary;club
15347;sztorm-gdansk-w;Sztorm Gdansk W;147;Poland;club
19769;svelta-melsele;Svelta Melsele;0;;club
12784;sunshine-stars;Sunshine Stars;137;Nigeria;club
23498;swit-skolwin;Swit Skolwin;147;Poland;club
15180;sv-innsbruck;SV Innsbruck;13;Austria;club
